path	sha256	size_bytes
src/fightsafe_ai/evaluation/aggregation_schemes.py	4d19f0f69238c9afdf365b6baeae26986a2d7086fb2b24170f5b2ce5b6209281	5481
configs/risk_fusion.yaml	16a502a656f90c4f1ec68d24a8150108dec149fde843eb6a2a72dd533ce82605	2497
configs/risk_rules.yaml	b3709f3af2c35c5b7086244f5190eba16d3fdfae27b3b0ddac977454a9a55837	5003
optional_tier_b/inputs/features_cache/V1.pkl	34316c079fc5fe07213774fdd537c8ba9972490cf2a32de4dd153d5c1ba882aa	447400
optional_tier_b/inputs/features_cache/V2.pkl	c4018b9188ccb1959e2a740eecfd7221829d8e4e0f01c7fab7db8eb6acd87802	56820
optional_tier_b/inputs/features_cache/V3.pkl	274ce9d088f00dbad4835f40c9381fbe11bed7e09b1ce121684fd3697e7fb0f5	195718
optional_tier_b/inputs/features_cache/V4.pkl	608c9ddb3f49b0ed800da54ea33c7814b467673a2f8fe3845723fd028c3468b7	135251
optional_tier_b/inputs/features_cache/V5.pkl	49006949c751b380e9e723144064dcdf3297d4debff8295cc7d82dc2d0f2dc79	143855
optional_tier_b/inputs/features_cache/V6.pkl	0b7096275e59491f7b93b2a83f7d0b3eb40bc685321b1fcd6904eb2d601b88a5	11114603
optional_tier_b/inputs/features_cache/V7.pkl	ac4006ae246e6727ba4eaa6ab5ffd5aac2c04c3ae32a0e68d0ecb5e9d6c21bb0	47998
optional_tier_b/inputs/features_cache/V8.pkl	4c0642b993af1765eb37fa6278cd41421588c10a1a2922f55b81087435f1e871	48954
optional_tier_b/inputs/features_cache/V9.pkl	d6cc30595b3b037a80c0feacb9b7fc0c72fc30c8d2a2ea75094632a1136c6499	36635
optional_tier_b/inputs/features_cache/V10.pkl	852e8bf40c074d081206c8a3e5f31f4a939d94c37d57755775c64b76267ae8b1	37104
optional_tier_b/inputs/strike_baselines/boxingvi_predictions_V1.json	820e582eebd817ce2928e9ba482e8d25e79cf994e0a64c69414b7e84564fdccc	43896
optional_tier_b/inputs/strike_baselines/boxingvi_predictions_V2.json	140fe4f927a866305607ba1166859b833e76f4d281afeabbadcb8f4489201d4e	5428
optional_tier_b/inputs/strike_baselines/boxingvi_predictions_V3.json	2e8422f1442eabf045bba5d83f5b62998df240315646ff421f1497fdc43416d4	8226
optional_tier_b/inputs/strike_baselines/boxingvi_predictions_V4.json	23284021bdcddc9fc362c0e2ea0602a496d65e096b17cab5972541eeb109ecc1	16464
optional_tier_b/inputs/strike_baselines/boxingvi_predictions_V5.json	403e0cbc1fb31990889faca514671f61fece55fcf4774714e6de35c1acb57d0b	24758
optional_tier_b/inputs/strike_baselines/boxingvi_predictions_V6.json	667c305958aa7ea14fe49afc6444b15497cf4515c7b3f6c0e70e32f65a8e7375	1369729
optional_tier_b/inputs/strike_baselines/boxingvi_predictions_V7.json	2da01d86b8f408da0e87fac1be4b3af4555355ff7c01ff1a3467f7f4fbb2f1db	8063
optional_tier_b/inputs/strike_baselines/boxingvi_predictions_V8.json	86495768b49f8848e1d9f65607bcd50f7cca293f7b8de9f8a136d947d76b30a9	9386
optional_tier_b/inputs/strike_baselines/boxingvi_predictions_V9.json	b75b1daabfca6600b35ce063e05d5a0e2ac1262babd0817de5f4979e9600ce7e	4076
optional_tier_b/inputs/strike_baselines/boxingvi_predictions_V10.json	aa67597ad1919eb65d054acf49e31d8a4d8ba619954ed8f5355700a7e7c994a1	6414
