p,mode,seed,video_id,precision,recall,f1,tp,fp,fn,n_pred_events,mean_score,std_score,micro_precision,micro_recall,micro_f1,macro_precision,macro_recall,macro_f1,total_tp,total_fp,total_fn
0.0,none,0,V1,0.8688524590163934,0.3464052287581699,0.4953271028037383,53.0,8.0,100.0,61,0.37556931929077186,0.08649622509209672,,,,,,,,,
0.0,none,0,V2,0.6666666666666666,0.4444444444444444,0.5333333333333333,4.0,2.0,5.0,6,0.4053830412554639,0.10466561079814597,,,,,,,,,
0.0,none,0,V3,0.56,0.3333333333333333,0.41791044776119407,14.0,11.0,28.0,25,0.3889097530867469,0.11728461889811921,,,,,,,,,
0.0,none,0,V4,0.5555555555555556,0.4166666666666667,0.4761904761904762,5.0,4.0,7.0,9,0.4230490189807877,0.11898836750751488,,,,,,,,,
0.0,none,0,V5,1.0,0.42857142857142855,0.6,12.0,0.0,16.0,12,0.3314246889202723,0.1400836944770083,,,,,,,,,
0.0,none,0,V6,0.4326923076923077,0.5912408759124088,0.499691548426897,405.0,531.0,280.0,936,0.18390918611742182,0.13630942715779204,,,,,,,,,
0.0,none,0,V7,0.6666666666666666,0.8,0.7272727272727272,4.0,2.0,1.0,6,0.3831378821286739,0.11768616934389586,,,,,,,,,
0.0,none,0,V8,1.0,0.8571428571428571,0.923076923076923,6.0,0.0,1.0,6,0.3863786818597574,0.13153198774277106,,,,,,,,,
0.0,none,0,V9,0.5,0.5,0.5,2.0,2.0,2.0,4,0.2772072240340499,0.1372263537803166,,,,,,,,,
0.0,none,0,V10,0.3333333333333333,1.0,0.5,2.0,4.0,0.0,6,0.3198128406497743,0.11716044084797732,,,,,,,,,
0.0,none,0,__MICRO_MACRO__,0.4733893557422969,0.5353748680042238,0.5024777006937562,507.0,564.0,440.0,,,,0.4733893557422969,0.5353748680042238,0.5024777006937562,0.6583766988930922,0.5717804834829309,0.5672802558865289,507.0,564.0,440.0
0.1,explicit_alpha0,0,V1,0.8939393939393939,0.38562091503267976,0.5388127853881278,59.0,7.0,94.0,66,0.3571534667850667,0.10644861618271437,,,,,,,,,
0.1,explicit_alpha0,0,V2,0.8,0.4444444444444444,0.5714285714285714,4.0,1.0,5.0,5,0.3812837564093408,0.12372040140224137,,,,,,,,,
0.1,explicit_alpha0,0,V3,0.5384615384615384,0.3333333333333333,0.41176470588235287,14.0,12.0,28.0,26,0.36243846282887643,0.13197349532065175,,,,,,,,,
0.1,explicit_alpha0,0,V4,0.5555555555555556,0.4166666666666667,0.4761904761904762,5.0,4.0,7.0,9,0.39421059207996023,0.13164885668435247,,,,,,,,,
0.1,explicit_alpha0,0,V5,0.9411764705882353,0.5714285714285714,0.7111111111111111,16.0,1.0,12.0,17,0.31305900143038995,0.14859660601547292,,,,,,,,,
0.1,explicit_alpha0,0,V6,0.42981501632208924,0.5766423357664233,0.49251870324189523,395.0,524.0,290.0,919,0.17605368932528487,0.13505178249052457,,,,,,,,,
0.1,explicit_alpha0,0,V7,0.5,0.8,0.6153846153846154,4.0,4.0,1.0,8,0.3625419149258906,0.12744015134851344,,,,,,,,,
0.1,explicit_alpha0,0,V8,0.8571428571428571,0.8571428571428571,0.8571428571428571,6.0,1.0,1.0,7,0.3612143917783921,0.1388101511135171,,,,,,,,,
0.1,explicit_alpha0,0,V9,0.3333333333333333,0.25,0.28571428571428575,1.0,2.0,3.0,3,0.2563120845308734,0.14396382444681932,,,,,,,,,
0.1,explicit_alpha0,0,V10,0.3333333333333333,1.0,0.5,2.0,4.0,0.0,6,0.2983468472148905,0.12725019988315986,,,,,,,,,
0.1,explicit_alpha0,0,__MICRO_MACRO__,0.474671669793621,0.5343189017951425,0.5027322404371586,506.0,560.0,441.0,,,,0.474671669793621,0.5343189017951425,0.5027322404371586,0.6182757498676337,0.5635279123814976,0.5460068111484293,506.0,560.0,441.0
0.1,explicit_alpha0,1,V1,0.9166666666666666,0.35947712418300654,0.5164319248826291,55.0,5.0,98.0,60,0.35545322681166364,0.10651494174974468,,,,,,,,,
0.1,explicit_alpha0,1,V2,0.5714285714285714,0.4444444444444444,0.5,4.0,3.0,5.0,7,0.3896714515752297,0.12435016065151652,,,,,,,,,
0.1,explicit_alpha0,1,V3,0.5769230769230769,0.35714285714285715,0.4411764705882353,15.0,11.0,27.0,26,0.36189715121652083,0.12877930736840262,,,,,,,,,
0.1,explicit_alpha0,1,V4,0.5833333333333334,0.5833333333333334,0.5833333333333334,7.0,5.0,5.0,12,0.3930682481392497,0.1370124382530778,,,,,,,,,
0.1,explicit_alpha0,1,V5,1.0,0.5,0.6666666666666666,14.0,0.0,14.0,14,0.31174032184402534,0.1524606804335411,,,,,,,,,
0.1,explicit_alpha0,1,V6,0.43431053203040176,0.583941605839416,0.49813200498132004,400.0,521.0,285.0,921,0.17610523768396927,0.13461257400692983,,,,,,,,,
0.1,explicit_alpha0,1,V7,0.6666666666666666,0.8,0.7272727272727272,4.0,2.0,1.0,6,0.35278647987947936,0.13084540029925204,,,,,,,,,
0.1,explicit_alpha0,1,V8,0.8571428571428571,0.8571428571428571,0.8571428571428571,6.0,1.0,1.0,7,0.35398522567234963,0.13629540258997472,,,,,,,,,
0.1,explicit_alpha0,1,V9,0.5,0.5,0.5,2.0,2.0,2.0,4,0.2660067586472113,0.14116631121743198,,,,,,,,,
0.1,explicit_alpha0,1,V10,0.3333333333333333,1.0,0.5,2.0,4.0,0.0,6,0.2974277354913209,0.12477833314195795,,,,,,,,,
0.1,explicit_alpha0,1,__MICRO_MACRO__,0.47883349012229537,0.5374868004223865,0.5064676616915422,509.0,554.0,438.0,,,,0.47883349012229537,0.5374868004223865,0.5064676616915422,0.6439805037524906,0.5985482222085914,0.5790155984867769,509.0,554.0,438.0
0.1,explicit_alpha0,2,V1,0.8636363636363636,0.37254901960784315,0.5205479452054794,57.0,9.0,96.0,66,0.3549806089795969,0.10629488854676648,,,,,,,,,
0.1,explicit_alpha0,2,V2,0.5714285714285714,0.4444444444444444,0.5,4.0,3.0,5.0,7,0.37978069104467616,0.12625457142430468,,,,,,,,,
0.1,explicit_alpha0,2,V3,0.5238095238095238,0.2619047619047619,0.3492063492063492,11.0,10.0,31.0,21,0.36653270071956584,0.13635572033804985,,,,,,,,,
0.1,explicit_alpha0,2,V4,0.46153846153846156,0.5,0.48000000000000004,6.0,7.0,6.0,13,0.3884585059509152,0.1375326999215924,,,,,,,,,
0.1,explicit_alpha0,2,V5,1.0,0.5714285714285714,0.7272727272727273,16.0,0.0,12.0,16,0.3109882080820375,0.14863617186559552,,,,,,,,,
0.1,explicit_alpha0,2,V6,0.4365426695842451,0.5824817518248175,0.49906191369605996,399.0,515.0,286.0,914,0.17599262238707883,0.13496376661675769,,,,,,,,,
0.1,explicit_alpha0,2,V7,0.6666666666666666,0.8,0.7272727272727272,4.0,2.0,1.0,6,0.35491495502284454,0.1318864652114758,,,,,,,,,
0.1,explicit_alpha0,2,V8,1.0,0.7142857142857143,0.8333333333333333,5.0,0.0,2.0,5,0.3626204495904941,0.13979765785342896,,,,,,,,,
0.1,explicit_alpha0,2,V9,0.6,0.75,0.6666666666666665,3.0,2.0,1.0,5,0.26151326557229077,0.14088073307182333,,,,,,,,,
0.1,explicit_alpha0,2,V10,0.3333333333333333,1.0,0.5,2.0,4.0,0.0,6,0.2971396312259657,0.1256633123610876,,,,,,,,,
0.1,explicit_alpha0,2,__MICRO_MACRO__,0.47875354107648727,0.5353748680042238,0.5054835493519442,507.0,552.0,440.0,,,,0.47875354107648727,0.5353748680042238,0.5054835493519442,0.6456955589997164,0.5997094263496152,0.5803361662653342,507.0,552.0,440.0
0.1,explicit_alpha0,3,V1,0.9285714285714286,0.33986928104575165,0.49760765550239244,52.0,4.0,101.0,56,0.35582385238736247,0.10735634022891903,,,,,,,,,
0.1,explicit_alpha0,3,V2,0.5,0.3333333333333333,0.4,3.0,3.0,6.0,6,0.38467671584785684,0.1148455731724407,,,,,,,,,
0.1,explicit_alpha0,3,V3,0.5769230769230769,0.35714285714285715,0.4411764705882353,15.0,11.0,27.0,26,0.3664871085766962,0.12974004288570104,,,,,,,,,
0.1,explicit_alpha0,3,V4,0.5,0.4166666666666667,0.45454545454545453,5.0,5.0,7.0,10,0.3918262332244045,0.13380446805294602,,,,,,,,,
0.1,explicit_alpha0,3,V5,1.0,0.5,0.6666666666666666,14.0,0.0,14.0,14,0.30617130147388033,0.14538861756267665,,,,,,,,,
0.1,explicit_alpha0,3,V6,0.43675675675675674,0.5897810218978102,0.5018633540372671,404.0,521.0,281.0,925,0.17604489779512955,0.13495465993414368,,,,,,,,,
0.1,explicit_alpha0,3,V7,0.5714285714285714,0.8,0.6666666666666666,4.0,3.0,1.0,7,0.36193915889326717,0.12983080479006615,,,,,,,,,
0.1,explicit_alpha0,3,V8,0.8571428571428571,0.8571428571428571,0.8571428571428571,6.0,1.0,1.0,7,0.3551087625756762,0.14377343557968203,,,,,,,,,
0.1,explicit_alpha0,3,V9,0.5,0.5,0.5,2.0,2.0,2.0,4,0.25545035909226443,0.14341968333736704,,,,,,,,,
0.1,explicit_alpha0,3,V10,0.3333333333333333,1.0,0.5,2.0,4.0,0.0,6,0.2976083197037594,0.12763868407618947,,,,,,,,,
0.1,explicit_alpha0,3,__MICRO_MACRO__,0.47785108388312914,0.5353748680042238,0.5049800796812749,507.0,554.0,440.0,,,,0.47785108388312914,0.5353748680042238,0.5049800796812749,0.6204156024156023,0.5693936017229276,0.548566912514954,507.0,554.0,440.0
0.1,explicit_alpha0,4,V1,0.9322033898305084,0.35947712418300654,0.5188679245283019,55.0,4.0,98.0,59,0.35215446176684606,0.10878665486122442,,,,,,,,,
0.1,explicit_alpha0,4,V2,0.8,0.4444444444444444,0.5714285714285714,4.0,1.0,5.0,5,0.37149174104389215,0.12275766371534864,,,,,,,,,
0.1,explicit_alpha0,4,V3,0.625,0.35714285714285715,0.45454545454545453,15.0,9.0,27.0,24,0.3626802612473529,0.13056797279037952,,,,,,,,,
0.1,explicit_alpha0,4,V4,0.5,0.5,0.5,6.0,6.0,6.0,12,0.3969999236512103,0.13323877927240946,,,,,,,,,
0.1,explicit_alpha0,4,V5,0.8888888888888888,0.5714285714285714,0.6956521739130435,16.0,2.0,12.0,18,0.30576243505070155,0.14996552300404326,,,,,,,,,
0.1,explicit_alpha0,4,V6,0.4370208105147864,0.5824817518248175,0.49937421777221536,399.0,514.0,286.0,913,0.17588100746813204,0.13457372885904748,,,,,,,,,
0.1,explicit_alpha0,4,V7,0.8,0.8,0.8000000000000002,4.0,1.0,1.0,5,0.3628733401229682,0.1269853960002975,,,,,,,,,
0.1,explicit_alpha0,4,V8,0.8333333333333334,0.7142857142857143,0.7692307692307692,5.0,1.0,2.0,6,0.3636985391268277,0.14045119059992475,,,,,,,,,
0.1,explicit_alpha0,4,V9,0.5,0.25,0.3333333333333333,1.0,1.0,3.0,2,0.2605266407479336,0.13486933881424606,,,,,,,,,
0.1,explicit_alpha0,4,V10,0.4,1.0,0.5714285714285715,2.0,3.0,0.0,5,0.29296245595408094,0.12713518797797832,,,,,,,,,
0.1,explicit_alpha0,4,__MICRO_MACRO__,0.4833174451858913,0.5353748680042238,0.5080160320641283,507.0,542.0,440.0,,,,0.4833174451858913,0.5353748680042238,0.5080160320641283,0.6716446422567517,0.5579260463309412,0.571386101618026,507.0,542.0,440.0
0.1,explicit_alpha0,5,V1,0.9206349206349206,0.3790849673202614,0.5370370370370371,58.0,5.0,95.0,63,0.3556120266332303,0.10580863101913054,,,,,,,,,
0.1,explicit_alpha0,5,V2,0.6666666666666666,0.4444444444444444,0.5333333333333333,4.0,2.0,5.0,6,0.38761320702100255,0.12199561133983343,,,,,,,,,
0.1,explicit_alpha0,5,V3,0.5,0.30952380952380953,0.3823529411764706,13.0,13.0,29.0,26,0.36272197153585134,0.13256892886801722,,,,,,,,,
0.1,explicit_alpha0,5,V4,0.5454545454545454,0.5,0.5217391304347826,6.0,5.0,6.0,11,0.39041624432107785,0.13446110857944502,,,,,,,,,
0.1,explicit_alpha0,5,V5,0.9411764705882353,0.5714285714285714,0.7111111111111111,16.0,1.0,12.0,17,0.3084670818331763,0.1529252821949371,,,,,,,,,
0.1,explicit_alpha0,5,V6,0.44298245614035087,0.5897810218978102,0.5059486537257357,404.0,508.0,281.0,912,0.17629590995489425,0.1347548525383035,,,,,,,,,
0.1,explicit_alpha0,5,V7,0.8,0.8,0.8000000000000002,4.0,1.0,1.0,5,0.3533670059197801,0.13143598156332598,,,,,,,,,
0.1,explicit_alpha0,5,V8,0.8571428571428571,0.8571428571428571,0.8571428571428571,6.0,1.0,1.0,7,0.36484138773030805,0.13362727600938587,,,,,,,,,
0.1,explicit_alpha0,5,V9,0.3333333333333333,0.25,0.28571428571428575,1.0,2.0,3.0,3,0.2621497847681038,0.1432857174276511,,,,,,,,,
0.1,explicit_alpha0,5,V10,0.2857142857142857,1.0,0.4444444444444445,2.0,5.0,0.0,7,0.2998076509008447,0.1303272527921808,,,,,,,,,
0.1,explicit_alpha0,5,__MICRO_MACRO__,0.48628192999053926,0.542766631467793,0.5129740518962076,514.0,543.0,433.0,,,,0.48628192999053926,0.542766631467793,0.5129740518962076,0.6293105535675194,0.5701405671757754,0.5578823794120058,514.0,543.0,433.0
0.1,explicit_alpha0,6,V1,0.9,0.35294117647058826,0.5070422535211269,54.0,6.0,99.0,60,0.3558272303983605,0.10653263887843462,,,,,,,,,
0.1,explicit_alpha0,6,V2,0.5714285714285714,0.4444444444444444,0.5,4.0,3.0,5.0,7,0.3874408978124747,0.11980898511485069,,,,,,,,,
0.1,explicit_alpha0,6,V3,0.6363636363636364,0.3333333333333333,0.43749999999999994,14.0,8.0,28.0,22,0.36645558310693616,0.1319232146186275,,,,,,,,,
0.1,explicit_alpha0,6,V4,0.5555555555555556,0.4166666666666667,0.4761904761904762,5.0,4.0,7.0,9,0.39669884156282975,0.13422857402800825,,,,,,,,,
0.1,explicit_alpha0,6,V5,0.875,0.5,0.6363636363636364,14.0,2.0,14.0,16,0.30861110488182125,0.14560842268273624,,,,,,,,,
0.1,explicit_alpha0,6,V6,0.43278688524590164,0.5781021897810219,0.49500000000000005,396.0,519.0,289.0,915,0.17599886220313726,0.13449237782167106,,,,,,,,,
0.1,explicit_alpha0,6,V7,0.6,0.6,0.6,3.0,2.0,2.0,5,0.3515959634286723,0.12830574501034522,,,,,,,,,
0.1,explicit_alpha0,6,V8,1.0,0.8571428571428571,0.923076923076923,6.0,0.0,1.0,6,0.3554292839513417,0.14688191859757566,,,,,,,,,
0.1,explicit_alpha0,6,V9,0.5,0.5,0.5,2.0,2.0,2.0,4,0.25663239568444063,0.13483112089113442,,,,,,,,,
0.1,explicit_alpha0,6,V10,0.3333333333333333,1.0,0.5,2.0,4.0,0.0,6,0.2944590087597913,0.12684943569263218,,,,,,,,,
0.1,explicit_alpha0,6,__MICRO_MACRO__,0.47619047619047616,0.5279831045406547,0.500751126690035,500.0,550.0,447.0,,,,0.47619047619047616,0.5279831045406547,0.500751126690035,0.6404467981926998,0.5582630667838911,0.5575173289152163,500.0,550.0,447.0
0.1,explicit_alpha0,7,V1,0.9137931034482759,0.3464052287581699,0.5023696682464455,53.0,5.0,100.0,58,0.3522401113331168,0.10750032449142698,,,,,,,,,
0.1,explicit_alpha0,7,V2,0.6666666666666666,0.4444444444444444,0.5333333333333333,4.0,2.0,5.0,6,0.37908113309168295,0.11842721835752222,,,,,,,,,
0.1,explicit_alpha0,7,V3,0.5,0.2857142857142857,0.36363636363636365,12.0,12.0,30.0,24,0.36668394298861706,0.13133080474543093,,,,,,,,,
0.1,explicit_alpha0,7,V4,0.4,0.3333333333333333,0.3636363636363636,4.0,6.0,8.0,10,0.3940064309439893,0.13070268085609132,,,,,,,,,
0.1,explicit_alpha0,7,V5,1.0,0.6428571428571429,0.782608695652174,18.0,0.0,10.0,18,0.3064300324318888,0.14571449095930555,,,,,,,,,
0.1,explicit_alpha0,7,V6,0.4325782092772384,0.5854014598540146,0.49751861042183615,401.0,526.0,284.0,927,0.17598107415577932,0.13483337754681968,,,,,,,,,
0.1,explicit_alpha0,7,V7,0.6666666666666666,0.8,0.7272727272727272,4.0,2.0,1.0,6,0.343714602623864,0.13245080880992263,,,,,,,,,
0.1,explicit_alpha0,7,V8,0.875,1.0,0.9333333333333333,7.0,1.0,0.0,8,0.3622242404232973,0.14649137805308882,,,,,,,,,
0.1,explicit_alpha0,7,V9,0.5,0.5,0.5,2.0,2.0,2.0,4,0.24953238224654667,0.14541534633630482,,,,,,,,,
0.1,explicit_alpha0,7,V10,0.4,1.0,0.5714285714285715,2.0,3.0,0.0,5,0.3034012844078826,0.12856390354172284,,,,,,,,,
0.1,explicit_alpha0,7,__MICRO_MACRO__,0.47560975609756095,0.5353748680042238,0.503725782414307,507.0,559.0,440.0,,,,0.47560975609756095,0.5353748680042238,0.503725782414307,0.6354704646058847,0.593815589496139,0.5775137666961149,507.0,559.0,440.0
0.1,explicit_alpha0,8,V1,0.9,0.35294117647058826,0.5070422535211269,54.0,6.0,99.0,60,0.3517442410683687,0.10578320101423139,,,,,,,,,
0.1,explicit_alpha0,8,V2,0.6666666666666666,0.4444444444444444,0.5333333333333333,4.0,2.0,5.0,6,0.3798135050520058,0.12041289055238472,,,,,,,,,
0.1,explicit_alpha0,8,V3,0.43478260869565216,0.23809523809523808,0.30769230769230765,10.0,13.0,32.0,23,0.36793707939507947,0.13226526178569226,,,,,,,,,
0.1,explicit_alpha0,8,V4,0.6,0.5,0.5454545454545454,6.0,4.0,6.0,10,0.3962653254343987,0.1347734060195824,,,,,,,,,
0.1,explicit_alpha0,8,V5,1.0,0.6428571428571429,0.782608695652174,18.0,0.0,10.0,18,0.3111659729097737,0.144394619345184,,,,,,,,,
0.1,explicit_alpha0,8,V6,0.43614718614718617,0.5883211678832116,0.5009322560596644,403.0,521.0,282.0,924,0.17635466970896146,0.1355002726599175,,,,,,,,,
0.1,explicit_alpha0,8,V7,0.4444444444444444,0.8,0.5714285714285714,4.0,5.0,1.0,9,0.354234919021958,0.12806072701202653,,,,,,,,,
0.1,explicit_alpha0,8,V8,1.0,1.0,1.0,7.0,0.0,0.0,7,0.3546541327376093,0.14203539655484493,,,,,,,,,
0.1,explicit_alpha0,8,V9,0.6666666666666666,0.5,0.5714285714285715,2.0,1.0,2.0,3,0.26515431569612297,0.13156536273737018,,,,,,,,,
0.1,explicit_alpha0,8,V10,0.3333333333333333,1.0,0.5,2.0,4.0,0.0,6,0.29678918127363896,0.1259033083761772,,,,,,,,,
0.1,explicit_alpha0,8,__MICRO_MACRO__,0.47842401500938087,0.5385427666314678,0.5067064083457525,510.0,556.0,437.0,,,,0.47842401500938087,0.5385427666314678,0.5067064083457525,0.648204090595395,0.6066659169750626,0.5819920534570294,510.0,556.0,437.0
0.1,explicit_alpha0,9,V1,0.8947368421052632,0.3333333333333333,0.48571428571428565,51.0,6.0,102.0,57,0.35565683326613645,0.1064592313626935,,,,,,,,,
0.1,explicit_alpha0,9,V2,0.4444444444444444,0.4444444444444444,0.4444444444444444,4.0,5.0,5.0,9,0.3758526324347352,0.11829299787707535,,,,,,,,,
0.1,explicit_alpha0,9,V3,0.56,0.3333333333333333,0.41791044776119407,14.0,11.0,28.0,25,0.36810625182366247,0.12915111207195812,,,,,,,,,
0.1,explicit_alpha0,9,V4,0.5454545454545454,0.5,0.5217391304347826,6.0,5.0,6.0,11,0.39420153709405603,0.13110912187781884,,,,,,,,,
0.1,explicit_alpha0,9,V5,0.9444444444444444,0.6071428571428571,0.7391304347826088,17.0,1.0,11.0,18,0.30774878105015413,0.14361048094910217,,,,,,,,,
0.1,explicit_alpha0,9,V6,0.43426724137931033,0.5883211678832116,0.49969001859888407,403.0,525.0,282.0,928,0.1764032447717335,0.13496597412861447,,,,,,,,,
0.1,explicit_alpha0,9,V7,1.0,0.6,0.7499999999999999,3.0,0.0,2.0,3,0.3562289719933325,0.13475529437643932,,,,,,,,,
0.1,explicit_alpha0,9,V8,0.875,1.0,0.9333333333333333,7.0,1.0,0.0,8,0.3545664613458003,0.13089365617808807,,,,,,,,,
0.1,explicit_alpha0,9,V9,0.5,0.5,0.5,2.0,2.0,2.0,4,0.2553198474732184,0.13667793729481148,,,,,,,,,
0.1,explicit_alpha0,9,V10,0.3333333333333333,1.0,0.5,2.0,4.0,0.0,6,0.2945323171828153,0.1265528495036621,,,,,,,,,
0.1,explicit_alpha0,9,__MICRO_MACRO__,0.4761459307764266,0.5374868004223865,0.5049603174603174,509.0,560.0,438.0,,,,0.4761459307764266,0.5374868004223865,0.5049603174603174,0.6531680851161341,0.590657513613718,0.5791962095069533,509.0,560.0,438.0
0.1,naive_zero,0,V1,0.9104477611940298,0.39869281045751637,0.5545454545454546,61.0,6.0,92.0,67,0.332523620231999,0.10618454204373486,,,,,,,,,
0.1,naive_zero,0,V2,0.5,0.4444444444444444,0.47058823529411764,4.0,4.0,5.0,8,0.3528266217183179,0.12013671662922998,,,,,,,,,
0.1,naive_zero,0,V3,0.5,0.3333333333333333,0.4,14.0,14.0,28.0,28,0.3362320593437721,0.12900144048336085,,,,,,,,,
0.1,naive_zero,0,V4,0.4,0.5,0.4444444444444445,6.0,9.0,6.0,15,0.3666127131498499,0.1293736583732526,,,,,,,,,
0.1,naive_zero,0,V5,1.0,0.5714285714285714,0.7272727272727273,16.0,0.0,12.0,16,0.2900669342275295,0.1395453563097444,,,,,,,,,
0.1,naive_zero,0,V6,0.4311310190369541,0.5620437956204379,0.48795944233206595,385.0,508.0,300.0,893,0.16180265064594004,0.1269609480961342,,,,,,,,,
0.1,naive_zero,0,V7,0.5,0.8,0.6153846153846154,4.0,4.0,1.0,8,0.341644261650936,0.12561041757145278,,,,,,,,,
0.1,naive_zero,0,V8,0.8571428571428571,0.8571428571428571,0.8571428571428571,6.0,1.0,1.0,7,0.33572792987409683,0.13430085227465682,,,,,,,,,
0.1,naive_zero,0,V9,0.3333333333333333,0.25,0.28571428571428575,1.0,2.0,3.0,3,0.24093819656707308,0.14200544045385527,,,,,,,,,
0.1,naive_zero,0,V10,0.3333333333333333,1.0,0.5,2.0,4.0,0.0,6,0.2780287391810024,0.12499701868316834,,,,,,,,,
0.1,naive_zero,0,__MICRO_MACRO__,0.4747859181731684,0.5269271383315733,0.4994994994994994,499.0,552.0,448.0,,,,0.4747859181731684,0.5269271383315733,0.4994994994994994,0.5765388304040509,0.5717085812427161,0.5343052062130569,499.0,552.0,448.0
0.1,naive_zero,1,V1,0.9180327868852459,0.3660130718954248,0.5233644859813084,56.0,5.0,97.0,61,0.329618108141098,0.10511377801638982,,,,,,,,,
0.1,naive_zero,1,V2,0.5,0.4444444444444444,0.47058823529411764,4.0,4.0,5.0,8,0.3609990461977559,0.1222470352199094,,,,,,,,,
0.1,naive_zero,1,V3,0.5,0.2857142857142857,0.36363636363636365,12.0,12.0,30.0,24,0.3358586583708108,0.12550206874831418,,,,,,,,,
0.1,naive_zero,1,V4,0.4375,0.5833333333333334,0.5,7.0,9.0,5.0,16,0.36781401373241895,0.13545846824291333,,,,,,,,,
0.1,naive_zero,1,V5,1.0,0.5,0.6666666666666666,14.0,0.0,14.0,14,0.2899389450449794,0.14612198369296345,,,,,,,,,
0.1,naive_zero,1,V6,0.4337078651685393,0.5635036496350365,0.4901587301587301,386.0,504.0,299.0,890,0.16167747106592445,0.1265333374057361,,,,,,,,,
0.1,naive_zero,1,V7,0.5,0.6,0.5454545454545454,3.0,3.0,2.0,6,0.33138131641991736,0.13086271134827415,,,,,,,,,
0.1,naive_zero,1,V8,0.875,1.0,0.9333333333333333,7.0,1.0,0.0,8,0.33197916921150794,0.1337697116030783,,,,,,,,,
0.1,naive_zero,1,V9,0.3333333333333333,0.25,0.28571428571428575,1.0,2.0,3.0,3,0.24692802545606993,0.13687311315004314,,,,,,,,,
0.1,naive_zero,1,V10,0.4,1.0,0.5714285714285715,2.0,3.0,0.0,5,0.2734026226410023,0.11719611909280726,,,,,,,,,
0.1,naive_zero,1,__MICRO_MACRO__,0.4753623188405797,0.5195353748680043,0.4964682139253279,492.0,543.0,455.0,,,,0.4753623188405797,0.5195353748680043,0.4964682139253279,0.5897573985387119,0.5593008785022525,0.5350345217667922,492.0,543.0,455.0
0.1,naive_zero,2,V1,0.9193548387096774,0.37254901960784315,0.5302325581395348,57.0,5.0,96.0,62,0.32935339661760116,0.10501400794285225,,,,,,,,,
0.1,naive_zero,2,V2,0.4444444444444444,0.4444444444444444,0.4444444444444444,4.0,5.0,5.0,9,0.3524661261616014,0.12285099483832476,,,,,,,,,
0.1,naive_zero,2,V3,0.45454545454545453,0.23809523809523808,0.31249999999999994,10.0,12.0,32.0,22,0.33972464883870496,0.1317636486777532,,,,,,,,,
0.1,naive_zero,2,V4,0.5,0.5,0.5,6.0,6.0,6.0,12,0.3599247089813311,0.13453228195307604,,,,,,,,,
0.1,naive_zero,2,V5,1.0,0.4642857142857143,0.6341463414634146,13.0,0.0,15.0,13,0.2901828428220291,0.14271103411203417,,,,,,,,,
0.1,naive_zero,2,V6,0.4379977246871445,0.5620437956204379,0.4923273657289003,385.0,494.0,300.0,879,0.1616725349681332,0.1269236623739339,,,,,,,,,
0.1,naive_zero,2,V7,0.6666666666666666,0.8,0.7272727272727272,4.0,2.0,1.0,6,0.33272519188616706,0.130792929626685,,,,,,,,,
0.1,naive_zero,2,V8,0.75,0.8571428571428571,0.7999999999999999,6.0,2.0,1.0,8,0.33375811901336655,0.136540866776579,,,,,,,,,
0.1,naive_zero,2,V9,0.6666666666666666,0.5,0.5714285714285715,2.0,1.0,2.0,3,0.24116028155431393,0.13746955264219654,,,,,,,,,
0.1,naive_zero,2,V10,0.3333333333333333,1.0,0.5,2.0,4.0,0.0,6,0.2766837797238971,0.12237615545360561,,,,,,,,,
0.1,naive_zero,2,__MICRO_MACRO__,0.47941176470588237,0.5163674762407603,0.49720386375190645,489.0,531.0,458.0,,,,0.47941176470588237,0.5163674762407603,0.49720386375190645,0.6173009129053387,0.5738561069196535,0.5512352008477592,489.0,531.0,458.0
0.1,naive_zero,3,V1,0.9047619047619048,0.37254901960784315,0.5277777777777779,57.0,6.0,96.0,63,0.3294173603129321,0.10522273518683897,,,,,,,,,
0.1,naive_zero,3,V2,0.5,0.4444444444444444,0.47058823529411764,4.0,4.0,5.0,8,0.36018082146737557,0.11402207324333015,,,,,,,,,
0.1,naive_zero,3,V3,0.48,0.2857142857142857,0.3582089552238806,12.0,13.0,30.0,25,0.3395272450485938,0.12584252830387957,,,,,,,,,
0.1,naive_zero,3,V4,0.47058823529411764,0.6666666666666666,0.5517241379310345,8.0,9.0,4.0,17,0.364886078613925,0.13223280221841732,,,,,,,,,
0.1,naive_zero,3,V5,0.9375,0.5357142857142857,0.6818181818181818,15.0,1.0,13.0,16,0.2856997712814806,0.1397808394616904,,,,,,,,,
0.1,naive_zero,3,V6,0.44269662921348313,0.5751824817518248,0.5003174603174603,394.0,496.0,291.0,890,0.1617049026956285,0.1268491950890598,,,,,,,,,
0.1,naive_zero,3,V7,0.5714285714285714,0.8,0.6666666666666666,4.0,3.0,1.0,7,0.34086656552007627,0.1274807331854645,,,,,,,,,
0.1,naive_zero,3,V8,1.0,0.8571428571428571,0.923076923076923,6.0,0.0,1.0,6,0.33134055139526714,0.1421548590931731,,,,,,,,,
0.1,naive_zero,3,V9,0.3333333333333333,0.25,0.28571428571428575,1.0,2.0,3.0,3,0.23782569398543887,0.13673768035725709,,,,,,,,,
0.1,naive_zero,3,V10,0.3333333333333333,1.0,0.5,2.0,4.0,0.0,6,0.2772116640113073,0.1229964728169635,,,,,,,,,
0.1,naive_zero,3,__MICRO_MACRO__,0.48318924111431316,0.5311510031678986,0.5060362173038229,503.0,538.0,444.0,,,,0.48318924111431316,0.5311510031678986,0.5060362173038229,0.5973642007364743,0.5787414041042208,0.5465892623820328,503.0,538.0,444.0
0.1,naive_zero,4,V1,0.9310344827586207,0.35294117647058826,0.5118483412322276,54.0,4.0,99.0,58,0.3259393903453712,0.10703879827998622,,,,,,,,,
0.1,naive_zero,4,V2,0.5714285714285714,0.4444444444444444,0.5,4.0,3.0,5.0,7,0.34295613442796713,0.12027067041611891,,,,,,,,,
0.1,naive_zero,4,V3,0.5238095238095238,0.2619047619047619,0.3492063492063492,11.0,10.0,31.0,21,0.3358943413477563,0.1266490293022742,,,,,,,,,
0.1,naive_zero,4,V4,0.46153846153846156,0.5,0.48000000000000004,6.0,7.0,6.0,13,0.370089930487177,0.13270100732809242,,,,,,,,,
0.1,naive_zero,4,V5,0.9333333333333333,0.5,0.6511627906976745,14.0,1.0,14.0,15,0.284659167293592,0.14447699392186408,,,,,,,,,
0.1,naive_zero,4,V6,0.43843498273878023,0.5562043795620438,0.49034749034749037,381.0,488.0,304.0,869,0.16158021956543592,0.12638983951483426,,,,,,,,,
0.1,naive_zero,4,V7,0.6666666666666666,0.8,0.7272727272727272,4.0,2.0,1.0,6,0.3404372407109951,0.12577101366683816,,,,,,,,,
0.1,naive_zero,4,V8,0.8571428571428571,0.8571428571428571,0.8571428571428571,6.0,1.0,1.0,7,0.3394486788615029,0.13877045654483325,,,,,,,,,
0.1,naive_zero,4,V9,0.5,0.25,0.3333333333333333,1.0,1.0,3.0,2,0.24229714198281735,0.13092328637762451,,,,,,,,,
0.1,naive_zero,4,V10,0.4,1.0,0.5714285714285715,2.0,3.0,0.0,5,0.27020127427925533,0.12331802912024308,,,,,,,,,
0.1,naive_zero,4,__MICRO_MACRO__,0.481555333998006,0.5100316789862724,0.49538461538461537,483.0,520.0,464.0,,,,0.481555333998006,0.5100316789862724,0.49538461538461537,0.6283388879416816,0.5522637619524695,0.547174246066123,483.0,520.0,464.0
0.1,naive_zero,5,V1,0.9180327868852459,0.3660130718954248,0.5233644859813084,56.0,5.0,97.0,61,0.32833622329654133,0.10490416320866729,,,,,,,,,
0.1,naive_zero,5,V2,0.5,0.4444444444444444,0.47058823529411764,4.0,4.0,5.0,8,0.363107382096873,0.1208566298947007,,,,,,,,,
0.1,naive_zero,5,V3,0.48,0.2857142857142857,0.3582089552238806,12.0,13.0,30.0,25,0.3354764194713985,0.12744321119695357,,,,,,,,,
0.1,naive_zero,5,V4,0.4666666666666667,0.5833333333333334,0.5185185185185186,7.0,8.0,5.0,15,0.36482651530664023,0.1332480219463799,,,,,,,,,
0.1,naive_zero,5,V5,1.0,0.5,0.6666666666666666,14.0,0.0,14.0,14,0.2871232515110244,0.14697979685985915,,,,,,,,,
0.1,naive_zero,5,V6,0.44107744107744107,0.5737226277372263,0.49873096446700504,393.0,498.0,292.0,891,0.1618852429522229,0.12652594586549248,,,,,,,,,
0.1,naive_zero,5,V7,0.5,0.6,0.5454545454545454,3.0,3.0,2.0,6,0.32776459977828,0.12921895415261722,,,,,,,,,
0.1,naive_zero,5,V8,0.7777777777777778,1.0,0.8750000000000001,7.0,2.0,0.0,9,0.33942589893474734,0.13108253220369342,,,,,,,,,
0.1,naive_zero,5,V9,0.5,0.25,0.3333333333333333,1.0,1.0,3.0,2,0.24492691716955947,0.1372995765691149,,,,,,,,,
0.1,naive_zero,5,V10,0.2857142857142857,1.0,0.4444444444444445,2.0,5.0,0.0,7,0.2786079373531734,0.12327739160390067,,,,,,,,,
0.1,naive_zero,5,__MICRO_MACRO__,0.48073217726396916,0.5269271383315733,0.5027707808564231,499.0,539.0,448.0,,,,0.48073217726396916,0.5269271383315733,0.5027707808564231,0.5869268958121417,0.5603227763124715,0.523431014938382,499.0,539.0,448.0
0.1,naive_zero,6,V1,0.9,0.35294117647058826,0.5070422535211269,54.0,6.0,99.0,60,0.32991125884886535,0.10602811109077258,,,,,,,,,
0.1,naive_zero,6,V2,0.5,0.4444444444444444,0.47058823529411764,4.0,4.0,5.0,8,0.36159396707081826,0.11866887092363558,,,,,,,,,
0.1,naive_zero,6,V3,0.6521739130434783,0.35714285714285715,0.4615384615384615,15.0,8.0,27.0,23,0.33947039674880475,0.12777321845433723,,,,,,,,,
0.1,naive_zero,6,V4,0.36363636363636365,0.3333333333333333,0.34782608695652173,4.0,7.0,8.0,11,0.3707616863578973,0.1317842162983211,,,,,,,,,
0.1,naive_zero,6,V5,1.0,0.5357142857142857,0.6976744186046512,15.0,0.0,13.0,15,0.28749915417247524,0.14049878496176998,,,,,,,,,
0.1,naive_zero,6,V6,0.44036697247706424,0.5605839416058395,0.4932562620423893,384.0,488.0,301.0,872,0.1618684488384262,0.1267202797767975,,,,,,,,,
0.1,naive_zero,6,V7,0.5,0.6,0.5454545454545454,3.0,3.0,2.0,6,0.3284986848908132,0.12522187169002316,,,,,,,,,
0.1,naive_zero,6,V8,0.7142857142857143,0.7142857142857143,0.7142857142857143,5.0,2.0,2.0,7,0.32928511308376374,0.14274681806877104,,,,,,,,,
0.1,naive_zero,6,V9,0.5,0.5,0.5,2.0,2.0,2.0,4,0.23597361681031298,0.12782347364929497,,,,,,,,,
0.1,naive_zero,6,V10,0.3333333333333333,1.0,0.5,2.0,4.0,0.0,6,0.2733768441663179,0.12238336442041226,,,,,,,,,
0.1,naive_zero,6,__MICRO_MACRO__,0.48221343873517786,0.515311510031679,0.49821337417049516,488.0,524.0,459.0,,,,0.48221343873517786,0.515311510031679,0.49821337417049516,0.5903796296775954,0.5398445752997063,0.5237665977697528,488.0,524.0,459.0
0.1,naive_zero,7,V1,0.9,0.35294117647058826,0.5070422535211269,54.0,6.0,99.0,60,0.32647498552308735,0.10590843460302692,,,,,,,,,
0.1,naive_zero,7,V2,0.5555555555555556,0.5555555555555556,0.5555555555555556,5.0,4.0,4.0,9,0.3530471839972365,0.1172480780076041,,,,,,,,,
0.1,naive_zero,7,V3,0.44,0.2619047619047619,0.3283582089552239,11.0,14.0,31.0,25,0.3399874104939556,0.12771782959765368,,,,,,,,,
0.1,naive_zero,7,V4,0.3076923076923077,0.3333333333333333,0.32,4.0,9.0,8.0,13,0.36748721190462685,0.13023308454838192,,,,,,,,,
0.1,naive_zero,7,V5,1.0,0.5357142857142857,0.6976744186046512,15.0,0.0,13.0,15,0.2848568579963641,0.1397716013256988,,,,,,,,,
0.1,naive_zero,7,V6,0.4384180790960452,0.5664233576642336,0.4942675159235669,388.0,497.0,297.0,885,0.16168292072493828,0.12683764880856624,,,,,,,,,
0.1,naive_zero,7,V7,0.6,0.6,0.6,3.0,2.0,2.0,5,0.3216368102672789,0.1311349712874589,,,,,,,,,
0.1,naive_zero,7,V8,0.7,1.0,0.8235294117647058,7.0,3.0,0.0,10,0.33452828970535087,0.1421317995224324,,,,,,,,,
0.1,naive_zero,7,V9,0.5,0.5,0.5,2.0,2.0,2.0,4,0.2306286952645881,0.1386775500088624,,,,,,,,,
0.1,naive_zero,7,V10,0.3333333333333333,1.0,0.5,2.0,4.0,0.0,6,0.284242714652716,0.12368331604506168,,,,,,,,,
0.1,naive_zero,7,__MICRO_MACRO__,0.4757751937984496,0.518479408658923,0.4962102071753411,491.0,541.0,456.0,,,,0.4757751937984496,0.518479408658923,0.4962102071753411,0.5774999275677242,0.5705872470642758,0.5326427364324829,491.0,541.0,456.0
0.1,naive_zero,8,V1,0.9032258064516129,0.3660130718954248,0.5209302325581395,56.0,6.0,97.0,62,0.32559645276828536,0.10550134011115504,,,,,,,,,
0.1,naive_zero,8,V2,0.6666666666666666,0.4444444444444444,0.5333333333333333,4.0,2.0,5.0,6,0.3501095802151719,0.11723839942883522,,,,,,,,,
0.1,naive_zero,8,V3,0.4583333333333333,0.2619047619047619,0.33333333333333337,11.0,13.0,31.0,24,0.340780607373182,0.12766700305138898,,,,,,,,,
0.1,naive_zero,8,V4,0.5,0.5833333333333334,0.5384615384615384,7.0,7.0,5.0,14,0.36895829957823306,0.1346247753937574,,,,,,,,,
0.1,naive_zero,8,V5,1.0,0.5714285714285714,0.7272727272727273,16.0,0.0,12.0,16,0.28985649670185654,0.14000490649342087,,,,,,,,,
0.1,naive_zero,8,V6,0.43714609286523215,0.5635036496350365,0.49234693877551017,386.0,497.0,299.0,883,0.16202605621193886,0.12728634563811253,,,,,,,,,
0.1,naive_zero,8,V7,0.5714285714285714,0.8,0.6666666666666666,4.0,3.0,1.0,7,0.33172541176558185,0.12754018679399187,,,,,,,,,
0.1,naive_zero,8,V8,1.0,0.8571428571428571,0.923076923076923,6.0,0.0,1.0,6,0.32925599318490323,0.13547183889987907,,,,,,,,,
0.1,naive_zero,8,V9,0.6666666666666666,0.5,0.5714285714285715,2.0,1.0,2.0,3,0.24353449750253672,0.12787659179958366,,,,,,,,,
0.1,naive_zero,8,V10,0.4,1.0,0.5714285714285715,2.0,3.0,0.0,5,0.27206941337080626,0.12256652367475945,,,,,,,,,
0.1,naive_zero,8,__MICRO_MACRO__,0.48148148148148145,0.5216473072861668,0.5007602635580334,494.0,532.0,453.0,,,,0.48148148148148145,0.5216473072861668,0.5007602635580334,0.6603467137412083,0.594777068978443,0.5878278836335313,494.0,532.0,453.0
0.1,naive_zero,9,V1,0.9152542372881356,0.35294117647058826,0.5094339622641509,54.0,5.0,99.0,59,0.3293895123112024,0.10563822553390144,,,,,,,,,
0.1,naive_zero,9,V2,0.4444444444444444,0.4444444444444444,0.4444444444444444,4.0,5.0,5.0,9,0.34841584467400943,0.11737741117701678,,,,,,,,,
0.1,naive_zero,9,V3,0.5652173913043478,0.30952380952380953,0.39999999999999997,13.0,10.0,29.0,23,0.3422747064500088,0.12616456895046038,,,,,,,,,
0.1,naive_zero,9,V4,0.4166666666666667,0.4166666666666667,0.4166666666666667,5.0,7.0,7.0,12,0.3679828742251138,0.129960684942001,,,,,,,,,
0.1,naive_zero,9,V5,0.9285714285714286,0.4642857142857143,0.6190476190476191,13.0,1.0,15.0,14,0.28611562107823113,0.1373073500188091,,,,,,,,,
0.1,naive_zero,9,V6,0.4351747463359639,0.5635036496350365,0.4910941475826972,386.0,501.0,299.0,887,0.16204277088573066,0.12692740949215142,,,,,,,,,
0.1,naive_zero,9,V7,0.75,0.6,0.6666666666666665,3.0,1.0,2.0,4,0.3308898523632346,0.13087572491515714,,,,,,,,,
0.1,naive_zero,9,V8,0.8333333333333334,0.7142857142857143,0.7692307692307692,5.0,1.0,2.0,6,0.3306465246326441,0.12858482100734336,,,,,,,,,
0.1,naive_zero,9,V9,0.3333333333333333,0.25,0.28571428571428575,1.0,2.0,3.0,3,0.23642711365861496,0.13074147438982828,,,,,,,,,
0.1,naive_zero,9,V10,0.3333333333333333,1.0,0.5,2.0,4.0,0.0,6,0.2747683922206615,0.1211773056642046,,,,,,,,,
0.1,naive_zero,9,__MICRO_MACRO__,0.4750733137829912,0.5131995776135164,0.4934010152284264,486.0,537.0,461.0,,,,0.4750733137829912,0.5131995776135164,0.4934010152284264,0.5955328914610986,0.5115651175311974,0.51022985616173,486.0,537.0,461.0
0.3,explicit_alpha0,0,V1,0.9516129032258065,0.38562091503267976,0.5488372093023257,59.0,3.0,94.0,62,0.3222834508152983,0.13326246271303036,,,,,,,,,
0.3,explicit_alpha0,0,V2,0.8,0.4444444444444444,0.5714285714285714,4.0,1.0,5.0,5,0.3382823852230324,0.14285696015592905,,,,,,,,,
0.3,explicit_alpha0,0,V3,0.5625,0.42857142857142855,0.4864864864864864,18.0,14.0,24.0,32,0.32069730323597384,0.14517418082910644,,,,,,,,,
0.3,explicit_alpha0,0,V4,0.6153846153846154,0.6666666666666666,0.64,8.0,5.0,4.0,13,0.3454255335545388,0.14582443856832628,,,,,,,,,
0.3,explicit_alpha0,0,V5,0.9333333333333333,0.5,0.6511627906976745,14.0,1.0,14.0,15,0.27686950544116273,0.16378948143762698,,,,,,,,,
0.3,explicit_alpha0,0,V6,0.429198682766191,0.5708029197080292,0.4899749373433584,391.0,520.0,294.0,911,0.16292237635033027,0.1356899116278899,,,,,,,,,
0.3,explicit_alpha0,0,V7,0.6,0.6,0.6,3.0,2.0,2.0,5,0.3246974777257731,0.1593603357350623,,,,,,,,,
0.3,explicit_alpha0,0,V8,0.6666666666666666,0.5714285714285714,0.6153846153846153,4.0,2.0,3.0,6,0.33149441982785743,0.15760938018644777,,,,,,,,,
0.3,explicit_alpha0,0,V9,0.3333333333333333,0.25,0.28571428571428575,1.0,2.0,3.0,3,0.22551341472177722,0.1482424047744105,,,,,,,,,
0.3,explicit_alpha0,0,V10,0.3333333333333333,1.0,0.5,2.0,4.0,0.0,6,0.2722669354023566,0.1374223371872005,,,,,,,,,
0.3,explicit_alpha0,0,__MICRO_MACRO__,0.4763705103969754,0.53220696937698,0.5027431421446383,504.0,554.0,443.0,,,,0.4763705103969754,0.53220696937698,0.5027431421446383,0.6225362868043278,0.541753494585182,0.5388988896357317,504.0,554.0,443.0
0.3,explicit_alpha0,1,V1,0.8840579710144928,0.39869281045751637,0.5495495495495496,61.0,8.0,92.0,69,0.3193690525662206,0.13072213056873663,,,,,,,,,
0.3,explicit_alpha0,1,V2,0.5714285714285714,0.4444444444444444,0.5,4.0,3.0,5.0,7,0.33839190938546837,0.1286551139473204,,,,,,,,,
0.3,explicit_alpha0,1,V3,0.4827586206896552,0.3333333333333333,0.39436619718309857,14.0,15.0,28.0,29,0.3231024512018726,0.147825089311567,,,,,,,,,
0.3,explicit_alpha0,1,V4,0.5333333333333333,0.6666666666666666,0.5925925925925926,8.0,7.0,4.0,15,0.35217356147534096,0.1559981210072737,,,,,,,,,
0.3,explicit_alpha0,1,V5,0.9,0.6428571428571429,0.75,18.0,2.0,10.0,20,0.27000881441514646,0.15769057372465975,,,,,,,,,
0.3,explicit_alpha0,1,V6,0.4241781548250265,0.583941605839416,0.4914004914004914,400.0,543.0,285.0,943,0.16285669653253443,0.1355691294693274,,,,,,,,,
0.3,explicit_alpha0,1,V7,0.5714285714285714,0.8,0.6666666666666666,4.0,3.0,1.0,7,0.2963240956511284,0.15111559027341073,,,,,,,,,
0.3,explicit_alpha0,1,V8,1.0,0.7142857142857143,0.8333333333333333,5.0,0.0,2.0,5,0.3222989792052645,0.16661751364567434,,,,,,,,,
0.3,explicit_alpha0,1,V9,0.3333333333333333,0.25,0.28571428571428575,1.0,2.0,3.0,3,0.24055280840190346,0.14683848034386382,,,,,,,,,
0.3,explicit_alpha0,1,V10,0.3333333333333333,1.0,0.5,2.0,4.0,0.0,6,0.27784229371667135,0.14127298459186527,,,,,,,,,
0.3,explicit_alpha0,1,__MICRO_MACRO__,0.4682971014492754,0.545934530095037,0.5041443198439785,517.0,587.0,430.0,,,,0.4682971014492754,0.545934530095037,0.5041443198439785,0.6033851889386316,0.5834221717884234,0.5563623116440017,517.0,587.0,430.0
0.3,explicit_alpha0,2,V1,0.8923076923076924,0.3790849673202614,0.5321100917431193,58.0,7.0,95.0,65,0.31687774245296313,0.13400206003305237,,,,,,,,,
0.3,explicit_alpha0,2,V2,0.625,0.5555555555555556,0.5882352941176471,5.0,3.0,4.0,8,0.339643690726831,0.13956609295999087,,,,,,,,,
0.3,explicit_alpha0,2,V3,0.6296296296296297,0.40476190476190477,0.4927536231884058,17.0,10.0,25.0,27,0.32501703006718424,0.154772744402977,,,,,,,,,
0.3,explicit_alpha0,2,V4,0.5384615384615384,0.5833333333333334,0.5599999999999999,7.0,6.0,5.0,13,0.34439105333540976,0.1570268648136657,,,,,,,,,
0.3,explicit_alpha0,2,V5,1.0,0.6785714285714286,0.8085106382978724,19.0,0.0,9.0,19,0.26830311519853145,0.15916167654364,,,,,,,,,
0.3,explicit_alpha0,2,V6,0.4369565217391304,0.5868613138686132,0.5009345794392523,402.0,518.0,283.0,920,0.16319191063328622,0.1365969529545336,,,,,,,,,
0.3,explicit_alpha0,2,V7,0.5,0.8,0.6153846153846154,4.0,4.0,1.0,8,0.31088208080521273,0.15639818338094633,,,,,,,,,
0.3,explicit_alpha0,2,V8,0.7,1.0,0.8235294117647058,7.0,3.0,0.0,10,0.31409085177593793,0.15251419730233964,,,,,,,,,
0.3,explicit_alpha0,2,V9,0.4,0.5,0.4444444444444445,2.0,3.0,2.0,5,0.24282353041296184,0.14144698444032663,,,,,,,,,
0.3,explicit_alpha0,2,V10,0.3333333333333333,1.0,0.5,2.0,4.0,0.0,6,0.25287428517879484,0.13580938499566675,,,,,,,,,
0.3,explicit_alpha0,2,__MICRO_MACRO__,0.4838112858464385,0.5522703273495249,0.5157790927021697,523.0,558.0,424.0,,,,0.4838112858464385,0.5522703273495249,0.5157790927021697,0.6055688715471323,0.6488168503411097,0.5865902698380063,523.0,558.0,424.0
0.3,explicit_alpha0,3,V1,0.8833333333333333,0.3464052287581699,0.4976525821596244,53.0,7.0,100.0,60,0.3172375771784958,0.13389282026776642,,,,,,,,,
0.3,explicit_alpha0,3,V2,0.5,0.4444444444444444,0.47058823529411764,4.0,4.0,5.0,8,0.3364615466218817,0.14030847289900925,,,,,,,,,
0.3,explicit_alpha0,3,V3,0.56,0.3333333333333333,0.41791044776119407,14.0,11.0,28.0,25,0.32039279387130626,0.15187924685924623,,,,,,,,,
0.3,explicit_alpha0,3,V4,0.3684210526315789,0.5833333333333334,0.4516129032258065,7.0,12.0,5.0,19,0.33381603789184816,0.15368119858448312,,,,,,,,,
0.3,explicit_alpha0,3,V5,0.8421052631578947,0.5714285714285714,0.6808510638297872,16.0,3.0,12.0,19,0.2713865157790542,0.1598680546121467,,,,,,,,,
0.3,explicit_alpha0,3,V6,0.434640522875817,0.5824817518248175,0.4978165938864629,399.0,519.0,286.0,918,0.1629443926595594,0.13587156255190028,,,,,,,,,
0.3,explicit_alpha0,3,V7,0.6666666666666666,0.8,0.7272727272727272,4.0,2.0,1.0,6,0.317392346247366,0.14417992017165926,,,,,,,,,
0.3,explicit_alpha0,3,V8,1.0,0.7142857142857143,0.8333333333333333,5.0,0.0,2.0,5,0.31402957770218864,0.15776588619251955,,,,,,,,,
0.3,explicit_alpha0,3,V9,1.0,0.75,0.8571428571428571,3.0,0.0,1.0,3,0.23533788348350496,0.14183353665541815,,,,,,,,,
0.3,explicit_alpha0,3,V10,0.3333333333333333,1.0,0.5,2.0,4.0,0.0,6,0.25509097844852646,0.1336665570060181,,,,,,,,,
0.3,explicit_alpha0,3,__MICRO_MACRO__,0.47427502338634236,0.5353748680042238,0.5029761904761905,507.0,562.0,440.0,,,,0.47427502338634236,0.5353748680042238,0.5029761904761905,0.6588500171998624,0.6125712377408384,0.593418074390591,507.0,562.0,440.0
0.3,explicit_alpha0,4,V1,0.8983050847457628,0.3464052287581699,0.5,53.0,6.0,100.0,59,0.3181530645787725,0.136496908355529,,,,,,,,,
0.3,explicit_alpha0,4,V2,0.5,0.3333333333333333,0.4,3.0,3.0,6.0,6,0.34571452448297585,0.14762096966309385,,,,,,,,,
0.3,explicit_alpha0,4,V3,0.46153846153846156,0.2857142857142857,0.35294117647058826,12.0,14.0,30.0,26,0.3239522884353635,0.14667706007158635,,,,,,,,,
0.3,explicit_alpha0,4,V4,0.6666666666666666,0.6666666666666666,0.6666666666666666,8.0,4.0,4.0,12,0.34917002982863,0.1507698937510898,,,,,,,,,
0.3,explicit_alpha0,4,V5,0.9333333333333333,0.5,0.6511627906976745,14.0,1.0,14.0,15,0.2660796504407349,0.15615379776647415,,,,,,,,,
0.3,explicit_alpha0,4,V6,0.44026548672566373,0.581021897810219,0.500943989930774,398.0,506.0,287.0,904,0.16233691811206608,0.1354812071394192,,,,,,,,,
0.3,explicit_alpha0,4,V7,0.6666666666666666,0.8,0.7272727272727272,4.0,2.0,1.0,6,0.3131266340047461,0.14513090777184545,,,,,,,,,
0.3,explicit_alpha0,4,V8,1.0,0.8571428571428571,0.923076923076923,6.0,0.0,1.0,6,0.3161465500973048,0.15704252953273232,,,,,,,,,
0.3,explicit_alpha0,4,V9,0.3333333333333333,0.25,0.28571428571428575,1.0,2.0,3.0,3,0.2453071519360083,0.1413832994538996,,,,,,,,,
0.3,explicit_alpha0,4,V10,0.4,1.0,0.5714285714285715,2.0,3.0,0.0,5,0.2589626219492922,0.13956637612769576,,,,,,,,,
0.3,explicit_alpha0,4,__MICRO_MACRO__,0.48080614203454897,0.529039070749736,0.5037707390648567,501.0,541.0,446.0,,,,0.48080614203454897,0.529039070749736,0.5037707390648567,0.6300109033009889,0.5620284269425532,0.557920713125821,501.0,541.0,446.0
0.3,explicit_alpha0,5,V1,0.9333333333333333,0.3660130718954248,0.5258215962441314,56.0,4.0,97.0,60,0.3137080508992266,0.13690022653023112,,,,,,,,,
0.3,explicit_alpha0,5,V2,0.6666666666666666,0.4444444444444444,0.5333333333333333,4.0,2.0,5.0,6,0.34552747501990005,0.14163786610875068,,,,,,,,,
0.3,explicit_alpha0,5,V3,0.6071428571428571,0.40476190476190477,0.4857142857142857,17.0,11.0,25.0,28,0.3196062627006003,0.15059050715933178,,,,,,,,,
0.3,explicit_alpha0,5,V4,0.5294117647058824,0.75,0.6206896551724139,9.0,8.0,3.0,17,0.34069176375766974,0.15553913095529814,,,,,,,,,
0.3,explicit_alpha0,5,V5,0.9473684210526315,0.6428571428571429,0.7659574468085106,18.0,1.0,10.0,19,0.27095734764273754,0.16552713252632217,,,,,,,,,
0.3,explicit_alpha0,5,V6,0.43487621097954793,0.5897810218978102,0.5006195786864932,404.0,525.0,281.0,929,0.16320599429726743,0.13619379811569857,,,,,,,,,
0.3,explicit_alpha0,5,V7,0.6,0.6,0.6,3.0,2.0,2.0,5,0.3235849065953192,0.144982022473505,,,,,,,,,
0.3,explicit_alpha0,5,V8,0.6,0.8571428571428571,0.7058823529411764,6.0,4.0,1.0,10,0.3091560376034395,0.1549855440515686,,,,,,,,,
0.3,explicit_alpha0,5,V9,0.75,0.75,0.75,3.0,1.0,1.0,4,0.23123779189546162,0.14875922271171937,,,,,,,,,
0.3,explicit_alpha0,5,V10,0.3333333333333333,1.0,0.5,2.0,4.0,0.0,6,0.25981012849249985,0.1363212472771824,,,,,,,,,
0.3,explicit_alpha0,5,__MICRO_MACRO__,0.48154981549815495,0.5512143611404435,0.5140324963072378,522.0,562.0,425.0,,,,0.48154981549815495,0.5512143611404435,0.5140324963072378,0.6402132587214252,0.6405000442999584,0.5988018248900344,522.0,562.0,425.0
0.3,explicit_alpha0,6,V1,0.8939393939393939,0.38562091503267976,0.5388127853881278,59.0,7.0,94.0,66,0.3180311430973602,0.13146081264180626,,,,,,,,,
0.3,explicit_alpha0,6,V2,0.6666666666666666,0.4444444444444444,0.5333333333333333,4.0,2.0,5.0,6,0.3363729823984651,0.15025075244579547,,,,,,,,,
0.3,explicit_alpha0,6,V3,0.5909090909090909,0.30952380952380953,0.40625000000000006,13.0,9.0,29.0,22,0.33062722050945437,0.1484765293289466,,,,,,,,,
0.3,explicit_alpha0,6,V4,0.5384615384615384,0.5833333333333334,0.5599999999999999,7.0,6.0,5.0,13,0.3420817762997084,0.15347476587916956,,,,,,,,,
0.3,explicit_alpha0,6,V5,0.95,0.6785714285714286,0.7916666666666667,19.0,1.0,9.0,20,0.2672047520243563,0.15460195576917407,,,,,,,,,
0.3,explicit_alpha0,6,V6,0.4331896551724138,0.5868613138686132,0.49845009299442045,402.0,526.0,283.0,928,0.16268114503922976,0.1359552542273465,,,,,,,,,
0.3,explicit_alpha0,6,V7,0.42857142857142855,0.6,0.5,3.0,4.0,2.0,7,0.3126585471877665,0.14677072455284657,,,,,,,,,
0.3,explicit_alpha0,6,V8,1.0,0.7142857142857143,0.8333333333333333,5.0,0.0,2.0,5,0.3119047384214816,0.18222191795156692,,,,,,,,,
0.3,explicit_alpha0,6,V9,0.6,0.75,0.6666666666666665,3.0,2.0,1.0,5,0.23586978471236683,0.1331260006203659,,,,,,,,,
0.3,explicit_alpha0,6,V10,0.2857142857142857,1.0,0.4444444444444445,2.0,5.0,0.0,7,0.27077883837977235,0.14157731101703072,,,,,,,,,
0.3,explicit_alpha0,6,__MICRO_MACRO__,0.47914735866543096,0.545934530095037,0.510365251727542,517.0,562.0,430.0,,,,0.47914735866543096,0.545934530095037,0.510365251727542,0.6387452059434817,0.6052640959060023,0.5772957322826991,517.0,562.0,430.0
0.3,explicit_alpha0,7,V1,0.9152542372881356,0.35294117647058826,0.5094339622641509,54.0,5.0,99.0,59,0.31573286005468365,0.1330840514628319,,,,,,,,,
0.3,explicit_alpha0,7,V2,0.5,0.2222222222222222,0.30769230769230765,2.0,2.0,7.0,4,0.354145296563159,0.13312667670702305,,,,,,,,,
0.3,explicit_alpha0,7,V3,0.4482758620689655,0.30952380952380953,0.3661971830985915,13.0,16.0,29.0,29,0.32424079178424803,0.14714174501913202,,,,,,,,,
0.3,explicit_alpha0,7,V4,0.5,0.5833333333333334,0.5384615384615384,7.0,7.0,5.0,14,0.34240339491063665,0.146062238518886,,,,,,,,,
0.3,explicit_alpha0,7,V5,1.0,0.6785714285714286,0.8085106382978724,19.0,0.0,9.0,19,0.2699289673667335,0.1585295911238974,,,,,,,,,
0.3,explicit_alpha0,7,V6,0.4293304994686504,0.5897810218978102,0.49692496924969254,404.0,537.0,281.0,941,0.16311054627505425,0.13614189332878687,,,,,,,,,
0.3,explicit_alpha0,7,V7,0.8,0.8,0.8000000000000002,4.0,1.0,1.0,5,0.3112879407020948,0.15508133216150435,,,,,,,,,
0.3,explicit_alpha0,7,V8,0.8333333333333334,0.7142857142857143,0.7692307692307692,5.0,1.0,2.0,6,0.30431418470182625,0.15590259415078092,,,,,,,,,
0.3,explicit_alpha0,7,V9,0.5,0.5,0.5,2.0,2.0,2.0,4,0.22602545083300216,0.14234621548918122,,,,,,,,,
0.3,explicit_alpha0,7,V10,0.3333333333333333,1.0,0.5,2.0,4.0,0.0,6,0.2757305889224755,0.14178768322747592,,,,,,,,,
0.3,explicit_alpha0,7,__MICRO_MACRO__,0.47102115915363385,0.5406546990496304,0.503441494591937,512.0,575.0,435.0,,,,0.47102115915363385,0.5406546990496304,0.503441494591937,0.6259527265492417,0.5750658706304906,0.5596451368294922,512.0,575.0,435.0
0.3,explicit_alpha0,8,V1,0.8939393939393939,0.38562091503267976,0.5388127853881278,59.0,7.0,94.0,66,0.317523212940616,0.13544752434285517,,,,,,,,,
0.3,explicit_alpha0,8,V2,0.5555555555555556,0.5555555555555556,0.5555555555555556,5.0,4.0,4.0,9,0.34252938771940933,0.14980959912247593,,,,,,,,,
0.3,explicit_alpha0,8,V3,0.5238095238095238,0.2619047619047619,0.3492063492063492,11.0,10.0,31.0,21,0.32745233880555374,0.1515698034360804,,,,,,,,,
0.3,explicit_alpha0,8,V4,0.5,0.5,0.5,6.0,6.0,6.0,12,0.35029616545362224,0.15933242124102176,,,,,,,,,
0.3,explicit_alpha0,8,V5,0.9375,0.5357142857142857,0.6818181818181818,15.0,1.0,13.0,16,0.27370096797047594,0.1551160783327983,,,,,,,,,
0.3,explicit_alpha0,8,V6,0.44171122994652406,0.602919708029197,0.5098765432098766,413.0,522.0,272.0,935,0.1634414642882722,0.1367031820123264,,,,,,,,,
0.3,explicit_alpha0,8,V7,0.5,0.6,0.5454545454545454,3.0,3.0,2.0,6,0.3136451804741636,0.14062837846790316,,,,,,,,,
0.3,explicit_alpha0,8,V8,0.7777777777777778,1.0,0.8750000000000001,7.0,2.0,0.0,9,0.3031931593794466,0.1467736625564543,,,,,,,,,
0.3,explicit_alpha0,8,V9,0.3333333333333333,0.25,0.28571428571428575,1.0,2.0,3.0,3,0.22958482254232157,0.1418726705520308,,,,,,,,,
0.3,explicit_alpha0,8,V10,0.4,1.0,0.5714285714285715,2.0,3.0,0.0,5,0.2675011885759319,0.145928644488272,,,,,,,,,
0.3,explicit_alpha0,8,__MICRO_MACRO__,0.4824399260628466,0.5512143611404435,0.5145391818629867,522.0,560.0,425.0,,,,0.4824399260628466,0.5512143611404435,0.5145391818629867,0.5863626814362107,0.569171522623648,0.5412866817775493,522.0,560.0,425.0
0.3,explicit_alpha0,9,V1,0.9310344827586207,0.35294117647058826,0.5118483412322276,54.0,4.0,99.0,58,0.31943458379487505,0.13722561076729767,,,,,,,,,
0.3,explicit_alpha0,9,V2,0.75,0.3333333333333333,0.46153846153846156,3.0,1.0,6.0,4,0.3472698728500794,0.14631544750306458,,,,,,,,,
0.3,explicit_alpha0,9,V3,0.56,0.3333333333333333,0.41791044776119407,14.0,11.0,28.0,25,0.32849770886105456,0.14719321397518145,,,,,,,,,
0.3,explicit_alpha0,9,V4,0.4666666666666667,0.5833333333333334,0.5185185185185186,7.0,8.0,5.0,15,0.33440025115357735,0.14198889417607366,,,,,,,,,
0.3,explicit_alpha0,9,V5,0.8888888888888888,0.5714285714285714,0.6956521739130435,16.0,2.0,12.0,18,0.27052775406778906,0.15813536815625145,,,,,,,,,
0.3,explicit_alpha0,9,V6,0.42780748663101603,0.583941605839416,0.4938271604938272,400.0,535.0,285.0,935,0.16328588024075177,0.1361725695918277,,,,,,,,,
0.3,explicit_alpha0,9,V7,0.6,0.6,0.6,3.0,2.0,2.0,5,0.30757975169826796,0.15526160692700103,,,,,,,,,
0.3,explicit_alpha0,9,V8,0.875,1.0,0.9333333333333333,7.0,1.0,0.0,8,0.31313658629010604,0.1426124371665433,,,,,,,,,
0.3,explicit_alpha0,9,V9,0.75,0.75,0.75,3.0,1.0,1.0,4,0.23229903568538346,0.1327831884765801,,,,,,,,,
0.3,explicit_alpha0,9,V10,0.2857142857142857,1.0,0.4444444444444445,2.0,5.0,0.0,7,0.26218456422623837,0.14172764175090607,,,,,,,,,
0.3,explicit_alpha0,9,__MICRO_MACRO__,0.4717330861909175,0.5374868004223865,0.5024679170779862,509.0,570.0,438.0,,,,0.4717330861909175,0.5374868004223865,0.5024679170779862,0.6535111810659477,0.6108311353738576,0.582707288123505,509.0,570.0,438.0
0.3,naive_zero,0,V1,0.9074074074074074,0.3202614379084967,0.47342995169082125,49.0,5.0,104.0,54,0.2445962655690232,0.11630222625391087,,,,,,,,,
0.3,naive_zero,0,V2,0.7142857142857143,0.5555555555555556,0.6250000000000001,5.0,2.0,4.0,7,0.25258039390586506,0.12295609267903393,,,,,,,,,
0.3,naive_zero,0,V3,0.38461538461538464,0.11904761904761904,0.18181818181818182,5.0,8.0,37.0,13,0.24208893807207646,0.12350236811030513,,,,,,,,,
0.3,naive_zero,0,V4,0.4375,0.5833333333333334,0.5,7.0,9.0,5.0,16,0.26268465914395317,0.1282855393449372,,,,,,,,,
0.3,naive_zero,0,V5,0.9285714285714286,0.4642857142857143,0.6190476190476191,13.0,1.0,15.0,14,0.21379097367493283,0.13663246902171014,,,,,,,,,
0.3,naive_zero,0,V6,0.4588235294117647,0.5124087591240876,0.4841379310344827,351.0,414.0,334.0,765,0.11990515624435194,0.10626154479992078,,,,,,,,,
0.3,naive_zero,0,V7,0.42857142857142855,0.6,0.5,3.0,4.0,2.0,7,0.25344212748209866,0.13815388527591405,,,,,,,,,
0.3,naive_zero,0,V8,0.8333333333333334,0.7142857142857143,0.7692307692307692,5.0,1.0,2.0,6,0.25702008542129284,0.13545125711293726,,,,,,,,,
0.3,naive_zero,0,V9,0.5,0.25,0.3333333333333333,1.0,1.0,3.0,2,0.17196962076143446,0.12335491859156285,,,,,,,,,
0.3,naive_zero,0,V10,0.3333333333333333,1.0,0.5,2.0,4.0,0.0,6,0.2074311405187018,0.12161113888424796,,,,,,,,,
0.3,naive_zero,0,__MICRO_MACRO__,0.49550561797752807,0.4656810982048574,0.48013064779531844,441.0,449.0,506.0,,,,0.49550561797752807,0.4656810982048574,0.48013064779531844,0.5926441559529795,0.5119178133540521,0.4985997786155207,441.0,449.0,506.0
0.3,naive_zero,1,V1,0.9791666666666666,0.30718954248366015,0.46766169154228854,47.0,1.0,106.0,48,0.24131711899836894,0.11434586698042844,,,,,,,,,
0.3,naive_zero,1,V2,1.0,0.5555555555555556,0.7142857142857143,5.0,0.0,4.0,5,0.25715240103687564,0.11564632290641162,,,,,,,,,
0.3,naive_zero,1,V3,0.4166666666666667,0.11904761904761904,0.18518518518518517,5.0,7.0,37.0,12,0.24409348869822928,0.12450338773495,,,,,,,,,
0.3,naive_zero,1,V4,0.42105263157894735,0.6666666666666666,0.5161290322580646,8.0,11.0,4.0,19,0.2727925232981548,0.13797014450900233,,,,,,,,,
0.3,naive_zero,1,V5,0.9333333333333333,0.5,0.6511627906976745,14.0,1.0,14.0,15,0.20575276181205204,0.13212701906352375,,,,,,,,,
0.3,naive_zero,1,V6,0.4551282051282051,0.5182481751824818,0.48464163822525597,355.0,425.0,330.0,780,0.11996586756638696,0.10648627960561056,,,,,,,,,
0.3,naive_zero,1,V7,0.5,0.4,0.4444444444444445,2.0,2.0,3.0,4,0.22697522439968104,0.12939997112350538,,,,,,,,,
0.3,naive_zero,1,V8,1.0,0.7142857142857143,0.8333333333333333,5.0,0.0,2.0,5,0.24170388016777064,0.1414985313972632,,,,,,,,,
0.3,naive_zero,1,V9,0.5,0.25,0.3333333333333333,1.0,1.0,3.0,2,0.18368400473671484,0.12425588441831094,,,,,,,,,
0.3,naive_zero,1,V10,0.4,1.0,0.5714285714285715,2.0,3.0,0.0,5,0.20664366940215667,0.11692543184374096,,,,,,,,,
0.3,naive_zero,1,__MICRO_MACRO__,0.4960893854748603,0.46884899683210135,0.48208469055374586,444.0,451.0,503.0,,,,0.4960893854748603,0.46884899683210135,0.48208469055374586,0.660534750337382,0.5030993273221698,0.5201605734733865,444.0,451.0,503.0
0.3,naive_zero,2,V1,1.0,0.3137254901960784,0.47761194029850745,48.0,0.0,105.0,48,0.23936208250514238,0.11608733934815664,,,,,,,,,
0.3,naive_zero,2,V2,0.8,0.4444444444444444,0.5714285714285714,4.0,1.0,5.0,5,0.25481003688525594,0.12549434083266245,,,,,,,,,
0.3,naive_zero,2,V3,0.3333333333333333,0.09523809523809523,0.14814814814814814,4.0,8.0,38.0,12,0.24458378308037562,0.1310978487935005,,,,,,,,,
0.3,naive_zero,2,V4,0.4666666666666667,0.5833333333333334,0.5185185185185186,7.0,8.0,5.0,15,0.2606062271459023,0.13544249070608402,,,,,,,,,
0.3,naive_zero,2,V5,1.0,0.42857142857142855,0.6,12.0,0.0,16.0,12,0.20596990776932098,0.13363415056325773,,,,,,,,,
0.3,naive_zero,2,V6,0.455012853470437,0.5167883211678832,0.4839371155160629,354.0,424.0,331.0,778,0.12027098802876908,0.10738599472871317,,,,,,,,,
0.3,naive_zero,2,V7,0.6666666666666666,0.8,0.7272727272727272,4.0,2.0,1.0,6,0.2382234340027038,0.13347103765045623,,,,,,,,,
0.3,naive_zero,2,V8,0.8333333333333334,0.7142857142857143,0.7692307692307692,5.0,1.0,2.0,6,0.23573088652826624,0.1334023164081898,,,,,,,,,
0.3,naive_zero,2,V9,0.5,0.25,0.3333333333333333,1.0,1.0,3.0,2,0.18480157078094575,0.12183429771376703,,,,,,,,,
0.3,naive_zero,2,V10,0.4,1.0,0.5714285714285715,2.0,3.0,0.0,5,0.18820673978458713,0.12065013691628845,,,,,,,,,
0.3,naive_zero,2,__MICRO_MACRO__,0.49606299212598426,0.4656810982048574,0.4803921568627451,441.0,448.0,506.0,,,,0.49606299212598426,0.4656810982048574,0.4803921568627451,0.6455012853470438,0.5146386827236977,0.5200909695175209,441.0,448.0,506.0
0.3,naive_zero,3,V1,0.9411764705882353,0.3137254901960784,0.47058823529411764,48.0,3.0,105.0,51,0.23839445763519965,0.11413794014602781,,,,,,,,,
0.3,naive_zero,3,V2,0.8,0.4444444444444444,0.5714285714285714,4.0,1.0,5.0,5,0.259313753010564,0.12671849003535024,,,,,,,,,
0.3,naive_zero,3,V3,0.38461538461538464,0.11904761904761904,0.18181818181818182,5.0,8.0,37.0,13,0.24177425552225557,0.1293174791798488,,,,,,,,,
0.3,naive_zero,3,V4,0.4,0.6666666666666666,0.5,8.0,12.0,4.0,20,0.25377941979201474,0.13557607361375607,,,,,,,,,
0.3,naive_zero,3,V5,0.9285714285714286,0.4642857142857143,0.6190476190476191,13.0,1.0,15.0,14,0.20919978183983742,0.1369797773108128,,,,,,,,,
0.3,naive_zero,3,V6,0.4663143989431968,0.5153284671532846,0.48959778085991673,353.0,404.0,332.0,757,0.12002059038564432,0.10641674965180156,,,,,,,,,
0.3,naive_zero,3,V7,0.5,0.4,0.4444444444444445,2.0,2.0,3.0,4,0.24911723641905514,0.12576378027632432,,,,,,,,,
0.3,naive_zero,3,V8,1.0,0.5714285714285714,0.7272727272727273,4.0,0.0,3.0,4,0.23715260409759834,0.13830596411437596,,,,,,,,,
0.3,naive_zero,3,V9,0.5,0.25,0.3333333333333333,1.0,1.0,3.0,2,0.17998586150367907,0.12075302500450966,,,,,,,,,
0.3,naive_zero,3,V10,0.4,1.0,0.5714285714285715,2.0,3.0,0.0,5,0.192471246013267,0.11039089930962692,,,,,,,,,
0.3,naive_zero,3,__MICRO_MACRO__,0.5028571428571429,0.46462513199577615,0.4829857299670692,440.0,435.0,507.0,,,,0.5028571428571429,0.46462513199577615,0.4829857299670692,0.6320677682718245,0.47449269732223787,0.49089594649274826,440.0,435.0,507.0
0.3,naive_zero,4,V1,0.9444444444444444,0.3333333333333333,0.49275362318840576,51.0,3.0,102.0,54,0.24089655557254433,0.11858904762433511,,,,,,,,,
0.3,naive_zero,4,V2,0.7142857142857143,0.5555555555555556,0.6250000000000001,5.0,2.0,4.0,7,0.2588165756378873,0.12362376215404718,,,,,,,,,
0.3,naive_zero,4,V3,0.5,0.19047619047619047,0.27586206896551724,8.0,8.0,34.0,16,0.2461838082834269,0.1254787861875064,,,,,,,,,
0.3,naive_zero,4,V4,0.4444444444444444,0.6666666666666666,0.5333333333333333,8.0,10.0,4.0,18,0.2676925527860414,0.1358606588640934,,,,,,,,,
0.3,naive_zero,4,V5,0.9333333333333333,0.5,0.6511627906976745,14.0,1.0,14.0,15,0.20295170331351145,0.1305044640320847,,,,,,,,,
0.3,naive_zero,4,V6,0.4592496765847348,0.5182481751824818,0.4869684499314129,355.0,418.0,330.0,773,0.11958546729362568,0.10643383197578073,,,,,,,,,
0.3,naive_zero,4,V7,0.4,0.4,0.4000000000000001,2.0,3.0,3.0,5,0.23957013814807798,0.12332735689545415,,,,,,,,,
0.3,naive_zero,4,V8,0.8,0.5714285714285714,0.6666666666666666,4.0,1.0,3.0,5,0.2398525754054802,0.13923343196110272,,,,,,,,,
0.3,naive_zero,4,V9,0.5,0.25,0.3333333333333333,1.0,1.0,3.0,2,0.18538233441133348,0.11923008732304849,,,,,,,,,
0.3,naive_zero,4,V10,0.4,1.0,0.5714285714285715,2.0,3.0,0.0,5,0.19407431877204598,0.1143334717923089,,,,,,,,,
0.3,naive_zero,4,__MICRO_MACRO__,0.5,0.4751847940865892,0.48727666486193827,450.0,450.0,497.0,,,,0.5,0.4751847940865892,0.48727666486193827,0.6095757613092672,0.4985708492642799,0.5036508837544915,450.0,450.0,497.0
0.3,naive_zero,5,V1,1.0,0.3333333333333333,0.5,51.0,0.0,102.0,51,0.23594403043122808,0.11735638945386494,,,,,,,,,
0.3,naive_zero,5,V2,0.5,0.4444444444444444,0.47058823529411764,4.0,4.0,5.0,8,0.2616846607372512,0.12678395103131027,,,,,,,,,
0.3,naive_zero,5,V3,0.42857142857142855,0.14285714285714285,0.21428571428571427,6.0,8.0,36.0,14,0.24180590018594478,0.12762104016573422,,,,,,,,,
0.3,naive_zero,5,V4,0.47058823529411764,0.6666666666666666,0.5517241379310345,8.0,9.0,4.0,17,0.25942564460176853,0.1355096037551483,,,,,,,,,
0.3,naive_zero,5,V5,0.9375,0.5357142857142857,0.6818181818181818,15.0,1.0,13.0,16,0.206772567073148,0.13582268183966714,,,,,,,,,
0.3,naive_zero,5,V6,0.47688243064729197,0.527007299270073,0.5006934812760057,361.0,396.0,324.0,757,0.12018573013320584,0.10659696927805071,,,,,,,,,
0.3,naive_zero,5,V7,0.3333333333333333,0.4,0.3636363636363636,2.0,4.0,3.0,6,0.24699933101607074,0.1265797064979637,,,,,,,,,
0.3,naive_zero,5,V8,0.6666666666666666,0.5714285714285714,0.6153846153846153,4.0,2.0,3.0,6,0.23661050519530763,0.1328732974427345,,,,,,,,,
0.3,naive_zero,5,V9,0.5,0.25,0.3333333333333333,1.0,1.0,3.0,2,0.17649064791787475,0.12097775713567098,,,,,,,,,
0.3,naive_zero,5,V10,0.4,1.0,0.5714285714285715,2.0,3.0,0.0,5,0.20318504360554399,0.12039320694867867,,,,,,,,,
0.3,naive_zero,5,__MICRO_MACRO__,0.5147392290249433,0.47940865892291445,0.4964461454346637,454.0,428.0,493.0,,,,0.5147392290249433,0.47940865892291445,0.4964461454346637,0.5713542094512839,0.4871451743714517,0.48028926343879375,454.0,428.0,493.0
0.3,naive_zero,6,V1,0.9782608695652174,0.29411764705882354,0.45226130653266333,45.0,1.0,108.0,46,0.239125629408687,0.11449828959441065,,,,,,,,,
0.3,naive_zero,6,V2,0.7142857142857143,0.5555555555555556,0.6250000000000001,5.0,2.0,4.0,7,0.2590871872156858,0.1316901975684743,,,,,,,,,
0.3,naive_zero,6,V3,0.6428571428571429,0.21428571428571427,0.32142857142857145,9.0,5.0,33.0,14,0.24837608627488897,0.12606369302762452,,,,,,,,,
0.3,naive_zero,6,V4,0.4117647058823529,0.5833333333333334,0.4827586206896552,7.0,10.0,5.0,17,0.26486757764938684,0.13420839919988753,,,,,,,,,
0.3,naive_zero,6,V5,0.9285714285714286,0.4642857142857143,0.6190476190476191,13.0,1.0,15.0,14,0.20483523952557364,0.13067907016714866,,,,,,,,,
0.3,naive_zero,6,V6,0.4577373211963589,0.5138686131386861,0.48418156808803303,352.0,417.0,333.0,769,0.11984901330784034,0.10660612768399202,,,,,,,,,
0.3,naive_zero,6,V7,0.6,0.6,0.6,3.0,2.0,2.0,5,0.242001694569017,0.12713986895317556,,,,,,,,,
0.3,naive_zero,6,V8,0.6666666666666666,0.5714285714285714,0.6153846153846153,4.0,2.0,3.0,6,0.23950539826517425,0.14922336512431247,,,,,,,,,
0.3,naive_zero,6,V9,0.5,0.25,0.3333333333333333,1.0,1.0,3.0,2,0.17654546126049603,0.11118860043414718,,,,,,,,,
0.3,naive_zero,6,V10,0.4,1.0,0.5714285714285715,2.0,3.0,0.0,5,0.20449592629886273,0.11805723395864832,,,,,,,,,
0.3,naive_zero,6,__MICRO_MACRO__,0.49830508474576274,0.4656810982048574,0.4814410480349345,441.0,444.0,506.0,,,,0.49830508474576274,0.4656810982048574,0.4814410480349345,0.6300143849024883,0.5046875149086398,0.5104824205933062,441.0,444.0,506.0
0.3,naive_zero,7,V1,0.9591836734693877,0.30718954248366015,0.46534653465346537,47.0,2.0,106.0,49,0.23694410755569184,0.1142558734824232,,,,,,,,,
0.3,naive_zero,7,V2,0.8333333333333334,0.5555555555555556,0.6666666666666667,5.0,1.0,4.0,6,0.27139504975894446,0.11851453736292981,,,,,,,,,
0.3,naive_zero,7,V3,0.6153846153846154,0.19047619047619047,0.2909090909090909,8.0,5.0,34.0,13,0.24594278571092956,0.1264167077907921,,,,,,,,,
0.3,naive_zero,7,V4,0.4,0.6666666666666666,0.5,8.0,12.0,4.0,20,0.2610242380841775,0.12874417665145624,,,,,,,,,
0.3,naive_zero,7,V5,0.9230769230769231,0.42857142857142855,0.5853658536585366,12.0,1.0,16.0,13,0.20635180286437596,0.13040141797680452,,,,,,,,,
0.3,naive_zero,7,V6,0.4514877102199224,0.5094890510948905,0.4787379972565158,349.0,424.0,336.0,773,0.12017754080150538,0.10685116404314458,,,,,,,,,
0.3,naive_zero,7,V7,0.4,0.4,0.4000000000000001,2.0,3.0,3.0,5,0.23987852949108124,0.13584428468410845,,,,,,,,,
0.3,naive_zero,7,V8,0.75,0.8571428571428571,0.7999999999999999,6.0,2.0,1.0,8,0.22524450292970447,0.1330801544519743,,,,,,,,,
0.3,naive_zero,7,V9,0.5,0.25,0.3333333333333333,1.0,1.0,3.0,2,0.16822076936149355,0.1142069241935075,,,,,,,,,
0.3,naive_zero,7,V10,0.4,1.0,0.5714285714285715,2.0,3.0,0.0,5,0.21081052503582615,0.11308749527798001,,,,,,,,,
0.3,naive_zero,7,__MICRO_MACRO__,0.49217002237136465,0.46462513199577615,0.4780010863661054,440.0,454.0,507.0,,,,0.49217002237136465,0.46462513199577615,0.4780010863661054,0.6232466255484181,0.516509129199125,0.509178804790618,440.0,454.0,507.0
0.3,naive_zero,8,V1,0.9591836734693877,0.30718954248366015,0.46534653465346537,47.0,2.0,106.0,49,0.23743024002417906,0.1136923907112926,,,,,,,,,
0.3,naive_zero,8,V2,0.8333333333333334,0.5555555555555556,0.6666666666666667,5.0,1.0,4.0,6,0.25615497631194734,0.12419801858037234,,,,,,,,,
0.3,naive_zero,8,V3,0.4166666666666667,0.11904761904761904,0.18518518518518517,5.0,7.0,37.0,12,0.2503284478358138,0.13094351654473038,,,,,,,,,
0.3,naive_zero,8,V4,0.3888888888888889,0.5833333333333334,0.4666666666666666,7.0,11.0,5.0,18,0.2696826317662487,0.1403502612114388,,,,,,,,,
0.3,naive_zero,8,V5,0.9230769230769231,0.42857142857142855,0.5853658536585366,12.0,1.0,16.0,13,0.20947795160228688,0.13083530070576224,,,,,,,,,
0.3,naive_zero,8,V6,0.45408163265306123,0.5197080291970803,0.4846834581347855,356.0,428.0,329.0,784,0.12071491464292895,0.1075833808846495,,,,,,,,,
0.3,naive_zero,8,V7,0.6,0.6,0.6,3.0,2.0,2.0,5,0.2438946728641092,0.12533139287134423,,,,,,,,,
0.3,naive_zero,8,V8,0.7142857142857143,0.7142857142857143,0.7142857142857143,5.0,2.0,2.0,7,0.22929687574594382,0.12830300424974758,,,,,,,,,
0.3,naive_zero,8,V9,0.5,0.25,0.3333333333333333,1.0,1.0,3.0,2,0.17077588675652813,0.11548549064566255,,,,,,,,,
0.3,naive_zero,8,V10,0.4,1.0,0.5714285714285715,2.0,3.0,0.0,5,0.1990370006768825,0.12335677619565946,,,,,,,,,
0.3,naive_zero,8,__MICRO_MACRO__,0.4916759156492786,0.4677930306230201,0.47943722943722944,443.0,458.0,504.0,,,,0.4916759156492786,0.4677930306230201,0.47943722943722944,0.6189516832373976,0.5077691222474391,0.5072961984012925,443.0,458.0,504.0
0.3,naive_zero,9,V1,0.9782608695652174,0.29411764705882354,0.45226130653266333,45.0,1.0,108.0,46,0.23903516398544067,0.11810997833202626,,,,,,,,,
0.3,naive_zero,9,V2,0.6666666666666666,0.4444444444444444,0.5333333333333333,4.0,2.0,5.0,6,0.26270734125980977,0.12648788563267585,,,,,,,,,
0.3,naive_zero,9,V3,0.45454545454545453,0.11904761904761904,0.18867924528301885,5.0,6.0,37.0,11,0.24978056430063708,0.12553141138878765,,,,,,,,,
0.3,naive_zero,9,V4,0.3684210526315789,0.5833333333333334,0.4516129032258065,7.0,12.0,5.0,19,0.25511358988826166,0.1276575182827128,,,,,,,,,
0.3,naive_zero,9,V5,1.0,0.4642857142857143,0.6341463414634146,13.0,0.0,15.0,13,0.20529451749697372,0.1326766716015366,,,,,,,,,
0.3,naive_zero,9,V6,0.4637305699481865,0.5226277372262774,0.49142072752230614,358.0,414.0,327.0,772,0.12034381432390776,0.10682853293185463,,,,,,,,,
0.3,naive_zero,9,V7,0.4,0.4,0.4000000000000001,2.0,3.0,3.0,5,0.2314326813249469,0.13143059561853787,,,,,,,,,
0.3,naive_zero,9,V8,0.6666666666666666,0.5714285714285714,0.6153846153846153,4.0,2.0,3.0,6,0.24000215345964307,0.1230979539959591,,,,,,,,,
0.3,naive_zero,9,V9,0.5,0.25,0.3333333333333333,1.0,1.0,3.0,2,0.1691964087857685,0.10560320125278626,,,,,,,,,
0.3,naive_zero,9,V10,0.4,1.0,0.5714285714285715,2.0,3.0,0.0,5,0.1976017120637828,0.1172904895219805,,,,,,,,,
0.3,naive_zero,9,__MICRO_MACRO__,0.49830508474576274,0.4656810982048574,0.4814410480349345,441.0,444.0,506.0,,,,0.49830508474576274,0.4656810982048574,0.4814410480349345,0.5898291280023771,0.46492850668247837,0.46716003775070625,441.0,444.0,506.0
0.5,explicit_alpha0,0,V1,0.864406779661017,0.3333333333333333,0.4811320754716981,51.0,8.0,102.0,59,0.29183006858425653,0.16613043859123414,,,,,,,,,
0.5,explicit_alpha0,0,V2,0.5714285714285714,0.4444444444444444,0.5,4.0,3.0,5.0,7,0.3097926047036233,0.17985373648398228,,,,,,,,,
0.5,explicit_alpha0,0,V3,0.5185185185185185,0.3333333333333333,0.40579710144927533,14.0,13.0,28.0,27,0.29498698317095845,0.17277047255356506,,,,,,,,,
0.5,explicit_alpha0,0,V4,0.5833333333333334,0.5833333333333334,0.5833333333333334,7.0,5.0,5.0,12,0.31934959329464285,0.17527422938303508,,,,,,,,,
0.5,explicit_alpha0,0,V5,0.9444444444444444,0.6071428571428571,0.7391304347826088,17.0,1.0,11.0,18,0.24791747687355792,0.17687597732492988,,,,,,,,,
0.5,explicit_alpha0,0,V6,0.41957364341085274,0.6321167883211679,0.5043680838672103,433.0,599.0,252.0,1032,0.15310395821182735,0.1473603444065231,,,,,,,,,
0.5,explicit_alpha0,0,V7,0.5,0.6,0.5454545454545454,3.0,3.0,2.0,6,0.2887908400071677,0.175413778712953,,,,,,,,,
0.5,explicit_alpha0,0,V8,0.7,1.0,0.8235294117647058,7.0,3.0,0.0,10,0.28394246098773473,0.16428657307138755,,,,,,,,,
0.5,explicit_alpha0,0,V9,0.5,0.5,0.5,2.0,2.0,2.0,4,0.19633144875076622,0.15628449097431607,,,,,,,,,
0.5,explicit_alpha0,0,V10,0.5,1.0,0.6666666666666666,2.0,2.0,0.0,4,0.2468804622124532,0.15751780136441304,,,,,,,,,
0.5,explicit_alpha0,0,__MICRO_MACRO__,0.4580152671755725,0.5702217529039071,0.5079962370649106,540.0,639.0,407.0,,,,0.4580152671755725,0.5702217529039071,0.5079962370649106,0.6101705290796737,0.6033704089908469,0.5749411652790044,540.0,639.0,407.0
0.5,explicit_alpha0,1,V1,0.8852459016393442,0.35294117647058826,0.5046728971962617,54.0,7.0,99.0,61,0.2930569035449228,0.16291243071203473,,,,,,,,,
0.5,explicit_alpha0,1,V2,0.5,0.3333333333333333,0.4,3.0,3.0,6.0,6,0.31369615751614005,0.16499457296014117,,,,,,,,,
0.5,explicit_alpha0,1,V3,0.5833333333333334,0.3333333333333333,0.4242424242424242,14.0,10.0,28.0,24,0.2968469988582825,0.1740436042187358,,,,,,,,,
0.5,explicit_alpha0,1,V4,0.5625,0.75,0.6428571428571429,9.0,7.0,3.0,16,0.30819231665820046,0.179185228269336,,,,,,,,,
0.5,explicit_alpha0,1,V5,0.8947368421052632,0.6071428571428571,0.7234042553191489,17.0,2.0,11.0,19,0.24138047389974168,0.17115418741686914,,,,,,,,,
0.5,explicit_alpha0,1,V6,0.42475247524752474,0.6262773722627737,0.5061946902654868,429.0,581.0,256.0,1010,0.1526505377206018,0.14705729698709596,,,,,,,,,
0.5,explicit_alpha0,1,V7,0.625,1.0,0.7692307692307693,5.0,3.0,0.0,8,0.2549931463165937,0.16927065060217322,,,,,,,,,
0.5,explicit_alpha0,1,V8,1.0,0.7142857142857143,0.8333333333333333,5.0,0.0,2.0,5,0.2948892246563971,0.18740479198878573,,,,,,,,,
0.5,explicit_alpha0,1,V9,0.25,0.25,0.25,1.0,3.0,3.0,4,0.2177791227002108,0.1502457901601523,,,,,,,,,
0.5,explicit_alpha0,1,V10,0.2857142857142857,1.0,0.4444444444444445,2.0,5.0,0.0,7,0.23757526735818504,0.1638510607153311,,,,,,,,,
0.5,explicit_alpha0,1,__MICRO_MACRO__,0.4646551724137931,0.5691657866948258,0.5116279069767441,539.0,621.0,408.0,,,,0.4646551724137931,0.5691657866948258,0.5116279069767441,0.6011282838039752,0.59673137868286,0.5498379956889012,539.0,621.0,408.0
0.5,explicit_alpha0,2,V1,0.9423076923076923,0.3202614379084967,0.47804878048780486,49.0,3.0,104.0,52,0.29047836025665913,0.16490556448348256,,,,,,,,,
0.5,explicit_alpha0,2,V2,0.5555555555555556,0.5555555555555556,0.5555555555555556,5.0,4.0,4.0,9,0.3128814674838375,0.18180256590292848,,,,,,,,,
0.5,explicit_alpha0,2,V3,0.5714285714285714,0.38095238095238093,0.4571428571428571,16.0,12.0,26.0,28,0.2970202748221637,0.1782350020125513,,,,,,,,,
0.5,explicit_alpha0,2,V4,0.6363636363636364,0.5833333333333334,0.6086956521739131,7.0,4.0,5.0,11,0.3075256154608388,0.18224419726709154,,,,,,,,,
0.5,explicit_alpha0,2,V5,0.9090909090909091,0.7142857142857143,0.8,20.0,2.0,8.0,22,0.2383565862037601,0.16750115181491534,,,,,,,,,
0.5,explicit_alpha0,2,V6,0.42007797270955166,0.6291970802919709,0.5037989479836353,431.0,595.0,254.0,1026,0.1532325734148433,0.1480720946447403,,,,,,,,,
0.5,explicit_alpha0,2,V7,0.5714285714285714,0.8,0.6666666666666666,4.0,3.0,1.0,7,0.2799244929125205,0.18143716033708876,,,,,,,,,
0.5,explicit_alpha0,2,V8,0.875,1.0,0.9333333333333333,7.0,1.0,0.0,8,0.27589910994532607,0.17891206686796557,,,,,,,,,
0.5,explicit_alpha0,2,V9,0.6666666666666666,1.0,0.8,4.0,2.0,0.0,6,0.23228999692977081,0.1708684970088743,,,,,,,,,
0.5,explicit_alpha0,2,V10,0.3333333333333333,1.0,0.5,2.0,4.0,0.0,6,0.23622655622771094,0.1573111949455381,,,,,,,,,
0.5,explicit_alpha0,2,__MICRO_MACRO__,0.46382978723404256,0.5755015839493136,0.5136663524976437,545.0,630.0,402.0,,,,0.46382978723404256,0.5755015839493136,0.5136663524976437,0.6481252908884488,0.6983585502327452,0.6303241793343767,545.0,630.0,402.0
0.5,explicit_alpha0,3,V1,0.8870967741935484,0.35947712418300654,0.5116279069767442,55.0,7.0,98.0,62,0.2885631098715111,0.16523033856615998,,,,,,,,,
0.5,explicit_alpha0,3,V2,0.375,0.3333333333333333,0.35294117647058826,3.0,5.0,6.0,8,0.3077292667473665,0.17342954463544974,,,,,,,,,
0.5,explicit_alpha0,3,V3,0.6,0.35714285714285715,0.44776119402985076,15.0,10.0,27.0,25,0.2925116043276844,0.17244267176109096,,,,,,,,,
0.5,explicit_alpha0,3,V4,0.6428571428571429,0.75,0.6923076923076924,9.0,5.0,3.0,14,0.3070565379692847,0.1876518949315041,,,,,,,,,
0.5,explicit_alpha0,3,V5,0.9333333333333333,0.5,0.6511627906976745,14.0,1.0,14.0,15,0.24245606598136824,0.1699659453820698,,,,,,,,,
0.5,explicit_alpha0,3,V6,0.41365853658536583,0.618978102189781,0.49590643274853796,424.0,601.0,261.0,1025,0.1529096783760626,0.14766228145201662,,,,,,,,,
0.5,explicit_alpha0,3,V7,0.8,0.8,0.8000000000000002,4.0,1.0,1.0,5,0.2753488223985531,0.16864923801748427,,,,,,,,,
0.5,explicit_alpha0,3,V8,1.0,0.8571428571428571,0.923076923076923,6.0,0.0,1.0,6,0.29520100024582513,0.18134282917262454,,,,,,,,,
0.5,explicit_alpha0,3,V9,0.75,0.75,0.75,3.0,1.0,1.0,4,0.2150481649927735,0.13985412655502688,,,,,,,,,
0.5,explicit_alpha0,3,V10,0.3333333333333333,1.0,0.5,2.0,4.0,0.0,6,0.21897094312937104,0.14784100540549905,,,,,,,,,
0.5,explicit_alpha0,3,__MICRO_MACRO__,0.45726495726495725,0.5649419218585006,0.5054322153991498,535.0,635.0,412.0,,,,0.45726495726495725,0.5649419218585006,0.5054322153991498,0.6735279120302724,0.6326074273991835,0.6124784116308011,535.0,635.0,412.0
0.5,explicit_alpha0,4,V1,0.9152542372881356,0.35294117647058826,0.5094339622641509,54.0,5.0,99.0,59,0.29101885648580283,0.1713683001321921,,,,,,,,,
0.5,explicit_alpha0,4,V2,0.6666666666666666,0.4444444444444444,0.5333333333333333,4.0,2.0,5.0,6,0.3202540963445121,0.16312117849085547,,,,,,,,,
0.5,explicit_alpha0,4,V3,0.5714285714285714,0.38095238095238093,0.4571428571428571,16.0,12.0,26.0,28,0.2942897297598304,0.16742465851810853,,,,,,,,,
0.5,explicit_alpha0,4,V4,0.5714285714285714,0.6666666666666666,0.6153846153846153,8.0,6.0,4.0,14,0.31945228518175034,0.18365810216715545,,,,,,,,,
0.5,explicit_alpha0,4,V5,1.0,0.6428571428571429,0.782608695652174,18.0,0.0,10.0,18,0.23685637566435241,0.16600426394080414,,,,,,,,,
0.5,explicit_alpha0,4,V6,0.4255952380952381,0.6262773722627737,0.5067926757235676,429.0,579.0,256.0,1008,0.15288405432117477,0.14742145251265273,,,,,,,,,
0.5,explicit_alpha0,4,V7,0.6,0.6,0.6,3.0,2.0,2.0,5,0.27549697392355904,0.1704776539373315,,,,,,,,,
0.5,explicit_alpha0,4,V8,0.75,0.8571428571428571,0.7999999999999999,6.0,2.0,1.0,8,0.2896107226535172,0.1884263009527506,,,,,,,,,
0.5,explicit_alpha0,4,V9,0.6,0.75,0.6666666666666665,3.0,2.0,1.0,5,0.21211051747504894,0.15772471346890526,,,,,,,,,
0.5,explicit_alpha0,4,V10,0.25,1.0,0.4,2.0,6.0,0.0,8,0.25988032107172965,0.17649819377155365,,,,,,,,,
0.5,explicit_alpha0,4,__MICRO_MACRO__,0.4685073339085418,0.573389651531151,0.5156695156695156,543.0,616.0,404.0,,,,0.4685073339085418,0.573389651531151,0.5156695156695156,0.6350373284907184,0.6321282040796854,0.5871362806167365,543.0,616.0,404.0
0.5,explicit_alpha0,5,V1,0.9298245614035088,0.3464052287581699,0.5047619047619047,53.0,4.0,100.0,57,0.2887265456593531,0.16594975664919875,,,,,,,,,
0.5,explicit_alpha0,5,V2,0.75,0.3333333333333333,0.46153846153846156,3.0,1.0,6.0,4,0.3274931039892555,0.1688308815421488,,,,,,,,,
0.5,explicit_alpha0,5,V3,0.4642857142857143,0.30952380952380953,0.3714285714285715,13.0,15.0,29.0,28,0.2945695546309449,0.17335152936716164,,,,,,,,,
0.5,explicit_alpha0,5,V4,0.5,0.75,0.6,9.0,9.0,3.0,18,0.303235542103737,0.18553347096223716,,,,,,,,,
0.5,explicit_alpha0,5,V5,0.8823529411764706,0.5357142857142857,0.6666666666666667,15.0,2.0,13.0,17,0.23322805146062522,0.1713627514473858,,,,,,,,,
0.5,explicit_alpha0,5,V6,0.4106280193236715,0.6204379562043796,0.4941860465116279,425.0,610.0,260.0,1035,0.15393619296788008,0.14798612856956023,,,,,,,,,
0.5,explicit_alpha0,5,V7,0.625,1.0,0.7692307692307693,5.0,3.0,0.0,8,0.2898189402099615,0.17749752064497074,,,,,,,,,
0.5,explicit_alpha0,5,V8,0.8571428571428571,0.8571428571428571,0.8571428571428571,6.0,1.0,1.0,7,0.27021262314076583,0.15940008605696016,,,,,,,,,
0.5,explicit_alpha0,5,V9,0.3333333333333333,0.25,0.28571428571428575,1.0,2.0,3.0,3,0.20327274937821607,0.15972622927265737,,,,,,,,,
0.5,explicit_alpha0,5,V10,0.2857142857142857,1.0,0.4444444444444445,2.0,5.0,0.0,7,0.2332525271154346,0.1602370311549229,,,,,,,,,
0.5,explicit_alpha0,5,__MICRO_MACRO__,0.44932432432432434,0.5617740232312566,0.4992961051149695,532.0,652.0,415.0,,,,0.44932432432432434,0.5617740232312566,0.4992961051149695,0.603828171237984,0.6002557470676836,0.545511400743959,532.0,652.0,415.0
0.5,explicit_alpha0,6,V1,0.9454545454545454,0.33986928104575165,0.5,52.0,3.0,101.0,55,0.2879150689231183,0.16298243948491478,,,,,,,,,
0.5,explicit_alpha0,6,V2,0.6666666666666666,0.6666666666666666,0.6666666666666666,6.0,3.0,3.0,9,0.3099473108641,0.16332033228424267,,,,,,,,,
0.5,explicit_alpha0,6,V3,0.6666666666666666,0.38095238095238093,0.4848484848484849,16.0,8.0,26.0,24,0.2919062375865374,0.17167949178659067,,,,,,,,,
0.5,explicit_alpha0,6,V4,0.42857142857142855,0.5,0.4615384615384615,6.0,8.0,6.0,14,0.3071937878450149,0.17587976771859934,,,,,,,,,
0.5,explicit_alpha0,6,V5,0.8666666666666667,0.4642857142857143,0.6046511627906976,13.0,2.0,15.0,15,0.2390225210676292,0.16463124604927704,,,,,,,,,
0.5,explicit_alpha0,6,V6,0.4169921875,0.6233576642335766,0.4997074312463429,427.0,597.0,258.0,1024,0.15334362837914053,0.14747733186421466,,,,,,,,,
0.5,explicit_alpha0,6,V7,0.8,0.8,0.8000000000000002,4.0,1.0,1.0,5,0.26969108522572127,0.17228116080523648,,,,,,,,,
0.5,explicit_alpha0,6,V8,0.7777777777777778,1.0,0.8750000000000001,7.0,2.0,0.0,9,0.2861507680205734,0.19946619328957724,,,,,,,,,
0.5,explicit_alpha0,6,V9,0.5,0.75,0.6,3.0,3.0,1.0,6,0.2288246787915745,0.16465763705012845,,,,,,,,,
0.5,explicit_alpha0,6,V10,0.3333333333333333,1.0,0.5,2.0,4.0,0.0,6,0.25230619463954174,0.1779177327331837,,,,,,,,,
0.5,explicit_alpha0,6,__MICRO_MACRO__,0.4592973436161097,0.5659978880675819,0.5070955534531694,536.0,631.0,411.0,,,,0.4592973436161097,0.5659978880675819,0.5070955534531694,0.6402129272637085,0.6525131707184091,0.5992412207090654,536.0,631.0,411.0
0.5,explicit_alpha0,7,V1,0.9016393442622951,0.35947712418300654,0.5140186915887851,55.0,6.0,98.0,61,0.29374442297276654,0.16969033475099446,,,,,,,,,
0.5,explicit_alpha0,7,V2,0.6666666666666666,0.4444444444444444,0.5333333333333333,4.0,2.0,5.0,6,0.3063660415348027,0.17149698911232847,,,,,,,,,
0.5,explicit_alpha0,7,V3,0.5,0.3333333333333333,0.4,14.0,14.0,28.0,28,0.29362091477384195,0.18315312582844495,,,,,,,,,
0.5,explicit_alpha0,7,V4,0.4375,0.5833333333333334,0.5,7.0,9.0,5.0,16,0.3104586000480851,0.17075467353973342,,,,,,,,,
0.5,explicit_alpha0,7,V5,1.0,0.6071428571428571,0.7555555555555554,17.0,0.0,11.0,17,0.24465765411271595,0.17188735657422283,,,,,,,,,
0.5,explicit_alpha0,7,V6,0.4107142857142857,0.6043795620437956,0.48907265209686945,414.0,594.0,271.0,1008,0.15344685676120617,0.14803952953975985,,,,,,,,,
0.5,explicit_alpha0,7,V7,0.5,0.6,0.5454545454545454,3.0,3.0,2.0,6,0.28559723702029755,0.17496965338748516,,,,,,,,,
0.5,explicit_alpha0,7,V8,0.6,0.8571428571428571,0.7058823529411764,6.0,4.0,1.0,10,0.2729946596263113,0.16118045710166315,,,,,,,,,
0.5,explicit_alpha0,7,V9,0.6,0.75,0.6666666666666665,3.0,2.0,1.0,5,0.1988480510914942,0.15531702503202122,,,,,,,,,
0.5,explicit_alpha0,7,V10,0.3333333333333333,1.0,0.5,2.0,4.0,0.0,6,0.2515418627806268,0.16181037176169746,,,,,,,,,
0.5,explicit_alpha0,7,__MICRO_MACRO__,0.4514187446259673,0.5543822597676874,0.4976303317535544,525.0,638.0,422.0,,,,0.4514187446259673,0.5543822597676874,0.4976303317535544,0.5949853629976579,0.6139253511623627,0.5609983797636933,525.0,638.0,422.0
0.5,explicit_alpha0,8,V1,0.9193548387096774,0.37254901960784315,0.5302325581395348,57.0,5.0,96.0,62,0.2908400550803743,0.1629100685007262,,,,,,,,,
0.5,explicit_alpha0,8,V2,0.5714285714285714,0.4444444444444444,0.5,4.0,3.0,5.0,7,0.3025981115609859,0.1670510905835486,,,,,,,,,
0.5,explicit_alpha0,8,V3,0.5454545454545454,0.2857142857142857,0.37499999999999994,12.0,10.0,30.0,22,0.2933998877828866,0.17503360738426518,,,,,,,,,
0.5,explicit_alpha0,8,V4,0.5454545454545454,0.5,0.5217391304347826,6.0,5.0,6.0,11,0.30933739105250796,0.17500364146617806,,,,,,,,,
0.5,explicit_alpha0,8,V5,0.9444444444444444,0.6071428571428571,0.7391304347826088,17.0,1.0,11.0,18,0.25219874671614784,0.16992497032166945,,,,,,,,,
0.5,explicit_alpha0,8,V6,0.43277723258096173,0.6437956204379562,0.517605633802817,441.0,578.0,244.0,1019,0.1530562761978799,0.1474153223225282,,,,,,,,,
0.5,explicit_alpha0,8,V7,0.5,0.8,0.6153846153846154,4.0,4.0,1.0,8,0.2824875728379867,0.1729819701269237,,,,,,,,,
0.5,explicit_alpha0,8,V8,0.8333333333333334,0.7142857142857143,0.7692307692307692,5.0,1.0,2.0,6,0.2702833790436041,0.16571007303830154,,,,,,,,,
0.5,explicit_alpha0,8,V9,0.6666666666666666,0.5,0.5714285714285715,2.0,1.0,2.0,3,0.20990483050024134,0.14988921393949764,,,,,,,,,
0.5,explicit_alpha0,8,V10,0.3333333333333333,1.0,0.5,2.0,4.0,0.0,6,0.2332057090922451,0.16487674935766453,,,,,,,,,
0.5,explicit_alpha0,8,__MICRO_MACRO__,0.47332185886402756,0.5807814149947201,0.5215742057847321,550.0,612.0,397.0,,,,0.47332185886402756,0.5807814149947201,0.5215742057847321,0.6292247511406079,0.5867931941633101,0.5639751713203699,550.0,612.0,397.0
0.5,explicit_alpha0,9,V1,0.9615384615384616,0.32679738562091504,0.4878048780487804,50.0,2.0,103.0,52,0.29481120147372936,0.17092654651819325,,,,,,,,,
0.5,explicit_alpha0,9,V2,0.6666666666666666,0.4444444444444444,0.5333333333333333,4.0,2.0,5.0,6,0.30638579104305974,0.1808530660615083,,,,,,,,,
0.5,explicit_alpha0,9,V3,0.5185185185185185,0.3333333333333333,0.40579710144927533,14.0,13.0,28.0,27,0.29674535699727705,0.1730947762878523,,,,,,,,,
0.5,explicit_alpha0,9,V4,0.6428571428571429,0.75,0.6923076923076924,9.0,5.0,3.0,14,0.2989958152107173,0.16441042103938755,,,,,,,,,
0.5,explicit_alpha0,9,V5,0.8947368421052632,0.6071428571428571,0.7234042553191489,17.0,2.0,11.0,19,0.24083149785219563,0.17487496212690323,,,,,,,,,
0.5,explicit_alpha0,9,V6,0.41941747572815535,0.6306569343065693,0.5037900874635568,432.0,598.0,253.0,1030,0.153444788084438,0.1475310304376331,,,,,,,,,
0.5,explicit_alpha0,9,V7,0.8,0.8,0.8000000000000002,4.0,1.0,1.0,5,0.28381055137660927,0.17577794791621557,,,,,,,,,
0.5,explicit_alpha0,9,V8,0.75,0.8571428571428571,0.7999999999999999,6.0,2.0,1.0,8,0.2788894824687243,0.1738281389721718,,,,,,,,,
0.5,explicit_alpha0,9,V9,0.5,0.5,0.5,2.0,2.0,2.0,4,0.21805219520084404,0.168789638206578,,,,,,,,,
0.5,explicit_alpha0,9,V10,0.3333333333333333,1.0,0.5,2.0,4.0,0.0,6,0.23699462880557387,0.1667965819285171,,,,,,,,,
0.5,explicit_alpha0,9,__MICRO_MACRO__,0.46114432109308284,0.5702217529039071,0.509915014164306,540.0,631.0,407.0,,,,0.46114432109308284,0.5702217529039071,0.509915014164306,0.6487068440747541,0.6249517811990976,0.5946437347921787,540.0,631.0,407.0
0.5,naive_zero,0,V1,0.9761904761904762,0.2679738562091503,0.42051282051282046,41.0,1.0,112.0,42,0.1619146264864884,0.10651206804567623,,,,,,,,,
0.5,naive_zero,0,V2,0.8333333333333334,0.5555555555555556,0.6666666666666667,5.0,1.0,4.0,6,0.16963104439910115,0.11810476478152855,,,,,,,,,
0.5,naive_zero,0,V3,0.2857142857142857,0.047619047619047616,0.08163265306122448,2.0,5.0,40.0,7,0.16262257820491444,0.11020002241285898,,,,,,,,,
0.5,naive_zero,0,V4,0.5,0.5833333333333334,0.5384615384615384,7.0,7.0,5.0,14,0.17610874714634808,0.11534606694081981,,,,,,,,,
0.5,naive_zero,0,V5,0.9090909090909091,0.35714285714285715,0.5128205128205129,10.0,1.0,18.0,11,0.14187300778911555,0.11657878064871599,,,,,,,,,
0.5,naive_zero,0,V6,0.48826979472140764,0.48613138686131385,0.48719824433065106,333.0,349.0,352.0,682,0.08143031474522971,0.08443669043837354,,,,,,,,,
0.5,naive_zero,0,V7,0.4,0.4,0.4000000000000001,2.0,3.0,3.0,5,0.16768117201680585,0.11968050286314069,,,,,,,,,
0.5,naive_zero,0,V8,0.8,0.5714285714285714,0.6666666666666666,4.0,1.0,3.0,5,0.15881446799243074,0.11007666463645643,,,,,,,,,
0.5,naive_zero,0,V9,0.5,0.25,0.3333333333333333,1.0,1.0,3.0,2,0.10763297531610236,0.09611210161362854,,,,,,,,,
0.5,naive_zero,0,V10,0.4,1.0,0.5714285714285715,2.0,3.0,0.0,5,0.13755410224856998,0.10180375245175782,,,,,,,,,
0.5,naive_zero,0,__MICRO_MACRO__,0.5224646983311938,0.4297782470960929,0.4716106604866744,407.0,372.0,540.0,,,,0.5224646983311938,0.4297782470960929,0.4716106604866744,0.6092598799050413,0.45191846081498294,0.4678721007281985,407.0,372.0,540.0
0.5,naive_zero,1,V1,1.0,0.28104575163398693,0.4387755102040817,43.0,0.0,110.0,43,0.16098842439468908,0.10666184587971156,,,,,,,,,
0.5,naive_zero,1,V2,1.0,0.5555555555555556,0.7142857142857143,5.0,0.0,4.0,5,0.17763553397981316,0.11628858548167141,,,,,,,,,
0.5,naive_zero,1,V3,0.4,0.047619047619047616,0.0851063829787234,2.0,3.0,40.0,5,0.16369214120310527,0.11050286505472935,,,,,,,,,
0.5,naive_zero,1,V4,0.4375,0.5833333333333334,0.5,7.0,9.0,5.0,16,0.17984180211292713,0.12544915162016165,,,,,,,,,
0.5,naive_zero,1,V5,0.9090909090909091,0.35714285714285715,0.5128205128205129,10.0,1.0,18.0,11,0.1361271490465099,0.11071134770644071,,,,,,,,,
0.5,naive_zero,1,V6,0.48833819241982507,0.48905109489051096,0.48869438366156087,335.0,351.0,350.0,686,0.08149166962175008,0.08503440433904488,,,,,,,,,
0.5,naive_zero,1,V7,0.5,0.4,0.4444444444444445,2.0,2.0,3.0,4,0.14654264875961195,0.11461264563190901,,,,,,,,,
0.5,naive_zero,1,V8,0.75,0.42857142857142855,0.5454545454545454,3.0,1.0,4.0,4,0.1669560195030205,0.12506053314020404,,,,,,,,,
0.5,naive_zero,1,V9,0.5,0.25,0.3333333333333333,1.0,1.0,3.0,2,0.11910066388031708,0.09784330514220631,,,,,,,,,
0.5,naive_zero,1,V10,0.4,1.0,0.5714285714285715,2.0,3.0,0.0,5,0.1320284336166207,0.1075743774275598,,,,,,,,,
0.5,naive_zero,1,__MICRO_MACRO__,0.5249679897567221,0.43294614572333684,0.47453703703703703,410.0,371.0,537.0,,,,0.5249679897567221,0.43294614572333684,0.47453703703703703,0.6384929101510733,0.439231906874672,0.46343433986114874,410.0,371.0,537.0
0.5,naive_zero,2,V1,1.0,0.27450980392156865,0.43076923076923085,42.0,0.0,111.0,42,0.1599626144160861,0.10626216391332431,,,,,,,,,
0.5,naive_zero,2,V2,0.8,0.4444444444444444,0.5714285714285714,4.0,1.0,5.0,5,0.17260190233451703,0.11639647741665193,,,,,,,,,
0.5,naive_zero,2,V3,0.4,0.047619047619047616,0.0851063829787234,2.0,3.0,40.0,5,0.16484103977162173,0.1145560368959173,,,,,,,,,
0.5,naive_zero,2,V4,0.4,0.5,0.4444444444444445,6.0,9.0,6.0,15,0.17123872917076993,0.12217152453532776,,,,,,,,,
0.5,naive_zero,2,V5,0.9,0.32142857142857145,0.4736842105263158,9.0,1.0,19.0,10,0.13420192041803727,0.11028760680230977,,,,,,,,,
0.5,naive_zero,2,V6,0.48905109489051096,0.48905109489051096,0.48905109489051096,335.0,350.0,350.0,685,0.08170883414181046,0.08526440556051686,,,,,,,,,
0.5,naive_zero,2,V7,0.5,0.4,0.4444444444444445,2.0,2.0,3.0,4,0.16044871905695243,0.1183587060487552,,,,,,,,,
0.5,naive_zero,2,V8,0.75,0.42857142857142855,0.5454545454545454,3.0,1.0,4.0,4,0.14594492617072105,0.10720177411826871,,,,,,,,,
0.5,naive_zero,2,V9,0.5,0.25,0.3333333333333333,1.0,1.0,3.0,2,0.12790119503438716,0.1029739488792401,,,,,,,,,
0.5,naive_zero,2,V10,0.4,1.0,0.5714285714285715,2.0,3.0,0.0,5,0.12125982465459563,0.0874784187952467,,,,,,,,,
0.5,naive_zero,2,__MICRO_MACRO__,0.5225225225225225,0.42872228088701164,0.4709976798143852,406.0,371.0,541.0,,,,0.5225225225225225,0.42872228088701164,0.4709976798143852,0.6139051094890512,0.41556243908755713,0.4389144829698692,406.0,371.0,541.0
0.5,naive_zero,3,V1,1.0,0.2549019607843137,0.40625,39.0,0.0,114.0,39,0.15704984641339417,0.1030384915740792,,,,,,,,,
0.5,naive_zero,3,V2,1.0,0.4444444444444444,0.6153846153846153,4.0,0.0,5.0,4,0.174625993584855,0.11614005092015908,,,,,,,,,
0.5,naive_zero,3,V3,0.4,0.047619047619047616,0.0851063829787234,2.0,3.0,40.0,5,0.15994233006033431,0.10954762377590276,,,,,,,,,
0.5,naive_zero,3,V4,0.4117647058823529,0.5833333333333334,0.4827586206896552,7.0,10.0,5.0,17,0.1724447604301929,0.12190901803615992,,,,,,,,,
0.5,naive_zero,3,V5,0.9,0.32142857142857145,0.4736842105263158,9.0,1.0,19.0,10,0.13997085040724122,0.1158644757200626,,,,,,,,,
0.5,naive_zero,3,V6,0.48823529411764705,0.4846715328467153,0.48644688644688644,332.0,348.0,353.0,680,0.08155365500794697,0.08468466274862706,,,,,,,,,
0.5,naive_zero,3,V7,0.5,0.4,0.4444444444444445,2.0,2.0,3.0,4,0.16335857305376955,0.11328897021890215,,,,,,,,,
0.5,naive_zero,3,V8,0.8,0.5714285714285714,0.6666666666666666,4.0,1.0,3.0,5,0.16385138768387245,0.12156543244763879,,,,,,,,,
0.5,naive_zero,3,V9,0.5,0.25,0.3333333333333333,1.0,1.0,3.0,2,0.12051554905888717,0.09235244154527836,,,,,,,,,
0.5,naive_zero,3,V10,0.4,1.0,0.5714285714285715,2.0,3.0,0.0,5,0.11874502986050565,0.08746210399637862,,,,,,,,,
0.5,naive_zero,3,__MICRO_MACRO__,0.5214007782101168,0.4244984160506864,0.4679860302677532,402.0,369.0,545.0,,,,0.5214007782101168,0.4244984160506864,0.4679860302677532,0.64,0.4357827461884997,0.4565503731899212,402.0,369.0,545.0
0.5,naive_zero,4,V1,0.975609756097561,0.26143790849673204,0.4123711340206186,40.0,1.0,113.0,41,0.16163544344128164,0.10909563531164569,,,,,,,,,
0.5,naive_zero,4,V2,1.0,0.4444444444444444,0.6153846153846153,4.0,0.0,5.0,4,0.17359433036264582,0.1068277239143081,,,,,,,,,
0.5,naive_zero,4,V3,0.42857142857142855,0.07142857142857142,0.12244897959183672,3.0,4.0,39.0,7,0.16277986523033416,0.1080036815060652,,,,,,,,,
0.5,naive_zero,4,V4,0.4,0.5,0.4444444444444445,6.0,9.0,6.0,15,0.17828214945856244,0.12451587599371604,,,,,,,,,
0.5,naive_zero,4,V5,0.9,0.32142857142857145,0.4736842105263158,9.0,1.0,19.0,10,0.1326617796879127,0.10477325208198414,,,,,,,,,
0.5,naive_zero,4,V6,0.4859675036927622,0.4802919708029197,0.48311306901615275,329.0,348.0,356.0,677,0.08162695637078173,0.0850694882475009,,,,,,,,,
0.5,naive_zero,4,V7,0.4,0.4,0.4000000000000001,2.0,3.0,3.0,5,0.1574658344838518,0.11462925197815249,,,,,,,,,
0.5,naive_zero,4,V8,0.8,0.5714285714285714,0.6666666666666666,4.0,1.0,3.0,5,0.16224314529179726,0.12459659659391026,,,,,,,,,
0.5,naive_zero,4,V9,0.5,0.25,0.3333333333333333,1.0,1.0,3.0,2,0.11618815812361023,0.10062447532602163,,,,,,,,,
0.5,naive_zero,4,V10,0.4,1.0,0.5714285714285715,2.0,3.0,0.0,5,0.14059082335405299,0.1037985792040022,,,,,,,,,
0.5,naive_zero,4,__MICRO_MACRO__,0.5188067444876784,0.42238648363252373,0.46565774155995343,400.0,371.0,547.0,,,,0.5188067444876784,0.42238648363252373,0.46565774155995343,0.6290148688361752,0.4300460038029811,0.45228750244125554,400.0,371.0,547.0
0.5,naive_zero,5,V1,1.0,0.2679738562091503,0.422680412371134,41.0,0.0,112.0,41,0.1560517232764401,0.10611055034726402,,,,,,,,,
0.5,naive_zero,5,V2,1.0,0.4444444444444444,0.6153846153846153,4.0,0.0,5.0,4,0.1848749597055315,0.11596796461892905,,,,,,,,,
0.5,naive_zero,5,V3,0.5,0.07142857142857142,0.125,3.0,3.0,39.0,6,0.16379913791211825,0.1112162539277187,,,,,,,,,
0.5,naive_zero,5,V4,0.42857142857142855,0.5,0.4615384615384615,6.0,8.0,6.0,14,0.17126090169444644,0.12141808071259046,,,,,,,,,
0.5,naive_zero,5,V5,0.9090909090909091,0.35714285714285715,0.5128205128205129,10.0,1.0,18.0,11,0.1315035588806892,0.10624702916147162,,,,,,,,,
0.5,naive_zero,5,V6,0.49343065693430654,0.49343065693430654,0.49343065693430654,338.0,347.0,347.0,685,0.08180236096752246,0.0846082373174422,,,,,,,,,
0.5,naive_zero,5,V7,0.4,0.4,0.4000000000000001,2.0,3.0,3.0,5,0.15931415427135723,0.11947207089488468,,,,,,,,,
0.5,naive_zero,5,V8,0.75,0.42857142857142855,0.5454545454545454,3.0,1.0,4.0,4,0.1565783411298796,0.11007249028301308,,,,,,,,,
0.5,naive_zero,5,V9,0.5,0.25,0.3333333333333333,1.0,1.0,3.0,2,0.11321383529997264,0.09571560356417418,,,,,,,,,
0.5,naive_zero,5,V10,0.4,1.0,0.5714285714285715,2.0,3.0,0.0,5,0.13150711627657657,0.10515137354055003,,,,,,,,,
0.5,naive_zero,5,__MICRO_MACRO__,0.5276705276705277,0.43294614572333684,0.4756380510440835,410.0,367.0,537.0,,,,0.5276705276705277,0.43294614572333684,0.4756380510440835,0.6381092994596644,0.4212991814730758,0.44810711092654804,410.0,367.0,537.0
0.5,naive_zero,6,V1,1.0,0.2549019607843137,0.40625,39.0,0.0,114.0,39,0.1560841624514331,0.10260375872136862,,,,,,,,,
0.5,naive_zero,6,V2,0.8,0.4444444444444444,0.5714285714285714,4.0,1.0,5.0,5,0.17209557131824493,0.11240483789979838,,,,,,,,,
0.5,naive_zero,6,V3,0.4,0.047619047619047616,0.0851063829787234,2.0,3.0,40.0,5,0.1604699000458606,0.11141865596611712,,,,,,,,,
0.5,naive_zero,6,V4,0.4375,0.5833333333333334,0.5,7.0,9.0,5.0,16,0.17686982383980346,0.11926194569711357,,,,,,,,,
0.5,naive_zero,6,V5,0.9,0.32142857142857145,0.4736842105263158,9.0,1.0,19.0,10,0.13595219831750438,0.11059354928970408,,,,,,,,,
0.5,naive_zero,6,V6,0.48970588235294116,0.48613138686131385,0.48791208791208796,333.0,347.0,352.0,680,0.08137099189464002,0.08404278501940937,,,,,,,,,
0.5,naive_zero,6,V7,0.5,0.4,0.4444444444444445,2.0,2.0,3.0,4,0.15577435820277896,0.11413321897830284,,,,,,,,,
0.5,naive_zero,6,V8,0.8,0.5714285714285714,0.6666666666666666,4.0,1.0,3.0,5,0.1625042920141225,0.13090956456960134,,,,,,,,,
0.5,naive_zero,6,V9,0.5,0.25,0.3333333333333333,1.0,1.0,3.0,2,0.11714751065458254,0.0937500660365673,,,,,,,,,
0.5,naive_zero,6,V10,0.4,1.0,0.5714285714285715,2.0,3.0,0.0,5,0.13909027760558632,0.10650221062134133,,,,,,,,,
0.5,naive_zero,6,__MICRO_MACRO__,0.522697795071336,0.42555438225976766,0.46915017462165304,403.0,368.0,544.0,,,,0.522697795071336,0.42555438225976766,0.46915017462165304,0.6227205882352942,0.43592873158995954,0.4540254268718715,403.0,368.0,544.0
0.5,naive_zero,7,V1,0.9767441860465116,0.27450980392156865,0.4285714285714286,42.0,1.0,111.0,43,0.1604975449018573,0.10647212421780765,,,,,,,,,
0.5,naive_zero,7,V2,1.0,0.4444444444444444,0.6153846153846153,4.0,0.0,5.0,4,0.17405325277054862,0.11557313582028735,,,,,,,,,
0.5,naive_zero,7,V3,0.5555555555555556,0.11904761904761904,0.196078431372549,5.0,4.0,37.0,9,0.16279017344296798,0.11494479763730545,,,,,,,,,
0.5,naive_zero,7,V4,0.46153846153846156,0.5,0.48000000000000004,6.0,7.0,6.0,13,0.1723969240842355,0.11326079541469627,,,,,,,,,
0.5,naive_zero,7,V5,0.9090909090909091,0.35714285714285715,0.5128205128205129,10.0,1.0,18.0,11,0.13831481051172861,0.112332491892436,,,,,,,,,
0.5,naive_zero,7,V6,0.4859675036927622,0.4802919708029197,0.48311306901615275,329.0,348.0,356.0,677,0.08151493520792992,0.08441847670848575,,,,,,,,,
0.5,naive_zero,7,V7,0.5,0.4,0.4444444444444445,2.0,2.0,3.0,4,0.16287140048393287,0.11911950631204433,,,,,,,,,
0.5,naive_zero,7,V8,0.75,0.42857142857142855,0.5454545454545454,3.0,1.0,4.0,4,0.14844935090365108,0.1036015263876503,,,,,,,,,
0.5,naive_zero,7,V9,0.5,0.25,0.3333333333333333,1.0,1.0,3.0,2,0.10973660974550742,0.09534200241021684,,,,,,,,,
0.5,naive_zero,7,V10,0.4,1.0,0.5714285714285715,2.0,3.0,0.0,5,0.14155911478833955,0.10104643826564967,,,,,,,,,
0.5,naive_zero,7,__MICRO_MACRO__,0.5233160621761658,0.426610348468849,0.4700407213496219,404.0,368.0,543.0,,,,0.5233160621761658,0.426610348468849,0.4700407213496219,0.65388966159242,0.4254008123930838,0.46106289518261523,404.0,368.0,543.0
0.5,naive_zero,8,V1,1.0,0.26143790849673204,0.4145077720207254,40.0,0.0,113.0,40,0.1575575894763906,0.10241251254777513,,,,,,,,,
0.5,naive_zero,8,V2,1.0,0.4444444444444444,0.6153846153846153,4.0,0.0,5.0,4,0.16992586664532106,0.11147220376996723,,,,,,,,,
0.5,naive_zero,8,V3,0.4444444444444444,0.09523809523809523,0.1568627450980392,4.0,5.0,38.0,9,0.16343186119360706,0.11480086277355976,,,,,,,,,
0.5,naive_zero,8,V4,0.46153846153846156,0.5,0.48000000000000004,6.0,7.0,6.0,13,0.1765912549704072,0.11840685608944575,,,,,,,,,
0.5,naive_zero,8,V5,0.9090909090909091,0.35714285714285715,0.5128205128205129,10.0,1.0,18.0,11,0.144531593847561,0.11231578399333651,,,,,,,,,
0.5,naive_zero,8,V6,0.48751835535976507,0.4846715328467153,0.48609077598828704,332.0,349.0,353.0,681,0.08183790650661772,0.08545149585142271,,,,,,,,,
0.5,naive_zero,8,V7,0.5,0.4,0.4444444444444445,2.0,2.0,3.0,4,0.16062936105486691,0.11007317306713606,,,,,,,,,
0.5,naive_zero,8,V8,0.75,0.42857142857142855,0.5454545454545454,3.0,1.0,4.0,4,0.14911650589978614,0.11255733481901767,,,,,,,,,
0.5,naive_zero,8,V9,0.5,0.25,0.3333333333333333,1.0,1.0,3.0,2,0.11410210102639848,0.0927327326086159,,,,,,,,,
0.5,naive_zero,8,V10,0.4,1.0,0.5714285714285715,2.0,3.0,0.0,5,0.12236233169113782,0.0994709613918336,,,,,,,,,
0.5,naive_zero,8,__MICRO_MACRO__,0.5226390685640362,0.426610348468849,0.4697674418604651,404.0,369.0,543.0,,,,0.5226390685640362,0.426610348468849,0.4697674418604651,0.645259217043358,0.42215062667402725,0.45603273159730745,404.0,369.0,543.0
0.5,naive_zero,9,V1,0.975,0.2549019607843137,0.4041450777202072,39.0,1.0,114.0,40,0.16268103712364662,0.10964556461063964,,,,,,,,,
0.5,naive_zero,9,V2,1.0,0.4444444444444444,0.6153846153846153,4.0,0.0,5.0,4,0.16830216953859461,0.11743952433450552,,,,,,,,,
0.5,naive_zero,9,V3,0.375,0.07142857142857142,0.12,3.0,5.0,39.0,8,0.16564284676979305,0.11502175616770699,,,,,,,,,
0.5,naive_zero,9,V4,0.42857142857142855,0.5,0.4615384615384615,6.0,8.0,6.0,14,0.1643272797059976,0.10968349929438916,,,,,,,,,
0.5,naive_zero,9,V5,0.9,0.32142857142857145,0.4736842105263158,9.0,1.0,19.0,10,0.13269137471919198,0.10839189325466889,,,,,,,,,
0.5,naive_zero,9,V6,0.49632892804698975,0.49343065693430654,0.4948755490483162,338.0,343.0,347.0,681,0.08205982278038293,0.08537707639626725,,,,,,,,,
0.5,naive_zero,9,V7,0.4,0.4,0.4000000000000001,2.0,3.0,3.0,5,0.1606818491752728,0.12118018301474193,,,,,,,,,
0.5,naive_zero,9,V8,0.75,0.42857142857142855,0.5454545454545454,3.0,1.0,4.0,4,0.15615579482601125,0.1112993668281388,,,,,,,,,
0.5,naive_zero,9,V9,0.5,0.25,0.3333333333333333,1.0,1.0,3.0,2,0.11403065330655773,0.09200091688920002,,,,,,,,,
0.5,naive_zero,9,V10,0.4,1.0,0.5714285714285715,2.0,3.0,0.0,5,0.12946827481854045,0.10336434361422688,,,,,,,,,
0.5,naive_zero,9,__MICRO_MACRO__,0.5265200517464425,0.4297782470960929,0.47325581395348837,407.0,366.0,540.0,,,,0.5265200517464425,0.4297782470960929,0.47325581395348837,0.6224900356618418,0.4164205633591636,0.44198443644343666,407.0,366.0,540.0
