relpath	sha256	bytes
FINAL_REPORT.md	f6cdaf78ee6d55a48fb4e1af3c887e16713191d536ec8f9e4cb188b89308a18a	3177
PROTOCOL.md	af7da44cb2fbe68a1e762842b04d422f1ad51fba436083912b7431a4b11d6506	1402
aggregation/preds/equal_intON/pred_V10_equal_intON.json	ca564ee1e45a8454c4c5035207d13f129f26985ea8cbb7bfb3955fda57994ffe	6156
aggregation/preds/equal_intON/pred_V1_equal_intON.json	db363c6ebb526d705287a0e1079e70457de2cfd7579243567dba5321d0214a90	63603
aggregation/preds/equal_intON/pred_V2_equal_intON.json	b0b822d4599890ec9a279f7f947e2dce659b3d184c155afe5df86fc32ef2f3c8	9790
aggregation/preds/equal_intON/pred_V3_equal_intON.json	d097c282175677b6393673219b367ebac63469e1a187cd93cd3599fc0b457abb	23578
aggregation/preds/equal_intON/pred_V4_equal_intON.json	e60854e15c3e4994780271ba380fdcdf37415155a9a72fd8c430ac0b4a13c053	22368
aggregation/preds/equal_intON/pred_V5_equal_intON.json	e97c030ab6059a65a01a5cbccb62b2bc10a27712ffc100c5773390c9a0b90832	18930
aggregation/preds/equal_intON/pred_V6_equal_intON.json	9a2b179c266532bde05477a249a0b1b1bb601dd41f54694e61f881ae62e8f85e	787737
aggregation/preds/equal_intON/pred_V7_equal_intON.json	022cd1fca2788e4dad8a49ba221be654b8cbe4c1b2ad1274a35a4fd743e24ce6	7237
aggregation/preds/equal_intON/pred_V8_equal_intON.json	5b18970ed4fe8a9f44fa5b74341328a00b85da68708b40dac6fdc114b212c285	8430
aggregation/preds/equal_intON/pred_V9_equal_intON.json	5f39a491043fd5e9bbb0203ffd728120aca315fca8b89e9684e5bdc2009c9c73	4318
aggregation/preds/max_intON/pred_V10_max_intON.json	bba7b33a517131d733efa39961523a49d88a8b2f95f2c2cc3edd6ca53de07f58	3047
aggregation/preds/max_intON/pred_V1_max_intON.json	7482db28b70467deabcdaea7a99cc3a785eb6eb2cfc364d993736e4315605314	17753
aggregation/preds/max_intON/pred_V2_max_intON.json	6ce674941607dcd908577c8fa4c8e535ae2dc771598cc5a8f403e030a24650c3	2572
aggregation/preds/max_intON/pred_V3_max_intON.json	bcf36e3bc8e2d014e37eefc224f2b1b2bbde99c6b4e92fec2b9fd719296df96f	3125
aggregation/preds/max_intON/pred_V4_max_intON.json	387751d9b55b5dbd63c2a7a4d739d3d6c0d2e3b3441552f34d7546ede7980175	6537
aggregation/preds/max_intON/pred_V5_max_intON.json	116d488e858570ee33918d7d271c49cd0bc3cd179ffe5f583b69876526bbd1b8	5317
aggregation/preds/max_intON/pred_V6_max_intON.json	f979045437d0c376dddf2cbe3c73f0a73c4d2d6a32253e17d56da248db44a326	620203
aggregation/preds/max_intON/pred_V7_max_intON.json	9d09c739d4e692fdf61875b93e664933b806ec6138e45b63aae13b2ff7c9ee2d	2662
aggregation/preds/max_intON/pred_V8_max_intON.json	bebae80ad3b9b1402cd0f386b04b4b433423c92eb98c9229f3d3efbae5676c4c	2636
aggregation/preds/max_intON/pred_V9_max_intON.json	c2b4c9f309aa5c4ab7a92217130434f788b2574c4bfc6d6b34892a9baefe274e	1750
aggregation/preds/weighted_intON/pred_V10_weighted_intON.json	f795182ffb6c60e0566f2d52d27a1f8d88d6194955c1c9e8fb3b95a3b57b905f	5777
aggregation/preds/weighted_intON/pred_V1_weighted_intON.json	76fbd8339333a474d6c1a232a2d75c3d1a58b2d95f102939685fdadb64a23c6c	61832
aggregation/preds/weighted_intON/pred_V2_weighted_intON.json	baf47219a87a219922d09a18c5a2c538037c138e4a0f76dd5e7b9a074643fa38	9599
aggregation/preds/weighted_intON/pred_V3_weighted_intON.json	88f907353cea7aa9620c81ab94adc2a0e197802418de471d3b2dd22321de517f	23570
aggregation/preds/weighted_intON/pred_V4_weighted_intON.json	3796a7cf034741bc1e49e0e3d85d8238256ada10bc82acd640950535566695a9	21823
aggregation/preds/weighted_intON/pred_V5_weighted_intON.json	57da4d0c96519baba71c7b2e6765f2c3883bcddd5cedc56f8f6febb975f73026	18933
aggregation/preds/weighted_intON/pred_V6_weighted_intON.json	a4b690f2064e768c7432262831b493f5f49b7cfb1319bec0f98fa3550f141fdc	778771
aggregation/preds/weighted_intON/pred_V7_weighted_intON.json	7255eae21ec39b6471db8c81217d4c245e33b024f4c0a94f82f662e44bf35cb5	7248
aggregation/preds/weighted_intON/pred_V8_weighted_intON.json	9322b7cfc7690877a05f5b029accfa810a0a65b2615dfd5d379dd7524e3f5d18	8435
aggregation/preds/weighted_intON/pred_V9_weighted_intON.json	cab36d930fc5083287f4fbba10684da92748a881fa46313ef8e71af0ec454bdb	4320
aggregation/traces/V10_equal_intON_scores.csv	41f4e7fd7af2ef3996ae5ee6dc930bdcd026885f01065ca584a33c22923d626f	6466
aggregation/traces/V10_max_intON_scores.csv	42bd53ff29baca60f7f0c453dc69d83ea4fb40d6dcc2c10214ffef218b5572d5	4574
aggregation/traces/V10_weighted_intON_scores.csv	47fc0c31c53520be1a515db3122b1ee1c3d3e2c947e12473c793337213d90c72	6456
aggregation/traces/V1_equal_intON_scores.csv	8cbdb4b40297f656ca5e3a5583e6e8c723f18fd32ddbabc1abc1fa271db9afd7	82926
aggregation/traces/V1_max_intON_scores.csv	8cc33e05dd865e26738cb0b061014b1470b67c952f7d8141386c019e71cbc414	58674
aggregation/traces/V1_weighted_intON_scores.csv	7f20c199ce3512238e7c692c8ae381e803a7d5963060b9d30db4ba3821e59a42	82941
aggregation/traces/V2_equal_intON_scores.csv	17fd0d4db12523be0f4ec80a07f2e8a0ee0067ef5cab2bdc348b923c89e17ddb	9992
aggregation/traces/V2_max_intON_scores.csv	d03b45a66ae246a4c5d70a241d724d310738aae93664ec78d8b57082988892b9	7031
aggregation/traces/V2_weighted_intON_scores.csv	7565c9014c01542d153bddb26d45208fce324c5496c7cf31b2b1ce21766b2cdf	9999
aggregation/traces/V3_equal_intON_scores.csv	590e60182a5d3f418ee99946623116e7f0fd00a1547cc8895c0aa35dd3005766	35526
aggregation/traces/V3_max_intON_scores.csv	4ad0935c2d833a6dd9c19c1878d7db8ffe514ab9e3513a9299442f6f533ac20f	25217
aggregation/traces/V3_weighted_intON_scores.csv	29726c24bca793cd52e2ad8f1463cc675a1b1e85cc07cd1d64317d06f8ba3523	35518
aggregation/traces/V4_equal_intON_scores.csv	aaa23296ec59d4e317ad435e43716907a80821ae5ec654ccbbfc8ba9d903dd4c	24266
aggregation/traces/V4_max_intON_scores.csv	64be204f4996104133fe0565d935b4c32122319f4cdff49a70469a127130d991	17245
aggregation/traces/V4_weighted_intON_scores.csv	edb1a6c1d15c998be5a8e1a5748867aa8bdd4912244aaf67174a23eb30ed1125	24258
aggregation/traces/V5_equal_intON_scores.csv	063ff1bf06a8591ca30f96340e7df4339ecd3b8471c5d67162685725ef95beb2	25601
aggregation/traces/V5_max_intON_scores.csv	9231c8027f90516b88a7a3fcfc6637cc7bdb33e54fe8c0d7a01d47d89aee7965	18415
aggregation/traces/V5_weighted_intON_scores.csv	d0f377d52c449467d9dbc32341ecbba85be50268fe2a090ee6d489a98c0a8310	25586
aggregation/traces/V6_equal_intON_scores.csv	429b5de3f4d0a62ee430d76a102c0e438fa67424f6dc5a55eacd9cbd1dbbc972	2079197
aggregation/traces/V6_max_intON_scores.csv	62cf056cdee33f2c096a452146de628b4cbc0392e20ffb54370225963fad9413	1702796
aggregation/traces/V6_weighted_intON_scores.csv	a4f381a6dfbb88976adf1467d31545a05145727775f35e6a4bb39878a913eb2e	2077647
aggregation/traces/V7_equal_intON_scores.csv	31e84bd5f3d8ed6bb600b2bd90840a62df76a7932d2a468884fe8e70e32b7544	8410
aggregation/traces/V7_max_intON_scores.csv	204634b5a82794fa6216336ac4401479bba2221e886fdfb483e61f010d7a1d99	5929
aggregation/traces/V7_weighted_intON_scores.csv	8c5cedf518cc1a6018401230b586fdf40f1b25da56b246d8443537f7fd07f621	8379
aggregation/traces/V8_equal_intON_scores.csv	40dcad2270195025c1910e354a6d8d6f4f3de21c889efadb9a499c88aeec363c	8521
aggregation/traces/V8_max_intON_scores.csv	15dcfb5ab794e0bcc0bc256d43e79d160d279198f6baef4ab27781892573a83e	6043
aggregation/traces/V8_weighted_intON_scores.csv	694eff1f5c87807c7a3f6c6923720559fe3cc7aa3390cf372a8d38fb79906bc4	8540
aggregation/traces/V9_equal_intON_scores.csv	f0ad45d536020b31f1674624036243d40d6679603b2df29a609e4103011087c2	6317
aggregation/traces/V9_max_intON_scores.csv	38053cb673b6aa276f8c2da223544737b5b96a5e7f83d8c0d5b8b45b82705daa	4569
aggregation/traces/V9_weighted_intON_scores.csv	108258491c4683c45b467f70fcac92780a1bf3f9b952bc287f6225fe309bbb9c	6323
dropout_results.csv	851a36a15cfc38eaf712759b98cca8b018ac6bc5c1b47755f7d8edc2c742c884	94250
environment/git_state.txt	5cabf2cde9d112d8a7aa0dcb52a976aa8655a530d8611e3c65814e1871848085	122
environment/pip_freeze.txt	f82cd8985001bf13a4ec4de89b9e9e283e64add4538f262cd5963137ab56766a	9537
environment/repro_check.json	0ed7f92d8f617849ce699c1402448f3c8b6324cdde7aa3803de29930c07b0401	259
experiment_summary.csv	0a74fd5ab6271bb342ee3837c99055014bcf1850ee3ef863a7c6f9d7f039e197	1431
failure_counts.csv	6471d92fa2f73e50a5137b32b3c948d68fd9939b3cfe4e9e718c3d0d0da9fff9	995
failures/all_failures.csv	12ff55ab997d392df1b9f8a686fafdc14c31771edefc663565224c57329e3c45	499390
failures/review_subset.csv	0e3009545b7d60bdaff6ce93df47861f30f9879c169378f3b9cae8db433dffd4	1160
input_checksums.tsv	0ed0c77befafc41c874138ba1e22e0f50cbbbeb93d420ee5209beecd5798c357	4238
interaction_rule_firings.csv	22476a43c70c4c73a14eb9e93bd537b4e69b5a662c290f70d3c775988287ae65	2528
interactions/preds/weighted_intoff/pred_V10_weighted_intoff.json	fb3d829c26fbb8242a2fe216c9c6fbc8e86dc1e60d283526baa76272757e650f	4910
interactions/preds/weighted_intoff/pred_V1_weighted_intoff.json	a03ba680572bc72b45f19390a10f2099c238687ab1614dd4b9c27a172abc8df2	34224
interactions/preds/weighted_intoff/pred_V2_weighted_intoff.json	4574993797b2d2dbdc7eb3d21f02758948c41c4fdd4e605e1be5732c376b341f	3990
interactions/preds/weighted_intoff/pred_V3_weighted_intoff.json	ce5816e48007331044bc3c7ed7971113acbbe6a32d8b0b42ea1ff9530cb0b91b	4916
interactions/preds/weighted_intoff/pred_V4_weighted_intoff.json	7a97d3c826deca634dd206ccf484dcca8682ad0b172ca5f86c897193905ad7d1	11802
interactions/preds/weighted_intoff/pred_V5_weighted_intoff.json	f90508ad5bfb09fccad7d72a0f950f3681126877224bf25cfe2599c03e39cbd7	9296
interactions/preds/weighted_intoff/pred_V6_weighted_intoff.json	34e34b3d4855666bc8e4295e270cd56d87ca20f54cdef4ed3a50cc6067f6feee	579207
interactions/preds/weighted_intoff/pred_V7_weighted_intoff.json	e33457a9bda75053709fc8d5b76d6a4ca7ccc6a55eee571813139104ec71fb76	4056
interactions/preds/weighted_intoff/pred_V8_weighted_intoff.json	1cf2b5d6267c492d33b5e8822c2e0fe8a39ab26a98e7dda7a4cb5affb48c2796	3996
interactions/preds/weighted_intoff/pred_V9_weighted_intoff.json	0c1bebc8ea14f6ecff9d27a17e050fa9bc3864c179cbbd65fd2b98c16473776b	2226
interactions/preds/weighted_inton/pred_V10_weighted_inton.json	b01aff48d040303505e5389538941aec4073b3e949cd9598bd354d59e57fa377	5777
interactions/preds/weighted_inton/pred_V1_weighted_inton.json	e5c3cea8e9afda6c3b3afa9abf4955b1cc0c02ea3539ac0ff369523e98cbad9e	61832
interactions/preds/weighted_inton/pred_V2_weighted_inton.json	9921f6526f1c68cad19f8d13933716676ed7dbf17e2d92259b00efb9459f0826	9599
interactions/preds/weighted_inton/pred_V3_weighted_inton.json	a793c31cf60af165a3a15e8368ac76c07fb6f24aa288160f168c588eefb1d0c2	23570
interactions/preds/weighted_inton/pred_V4_weighted_inton.json	910c37d7a1110efd4427d680ff2232464664333e1345b088cb6059114af5e4fd	21823
interactions/preds/weighted_inton/pred_V5_weighted_inton.json	2e6401c5a98d5fbf87115d54adb11999f94b9672d92d09511e3c1af138c30b27	18933
interactions/preds/weighted_inton/pred_V6_weighted_inton.json	bfc387dacc49fb0864f46a8c1a71e57f2256f5ace98c83c7ba492b852426600d	778771
interactions/preds/weighted_inton/pred_V7_weighted_inton.json	3c9ca7e761c3c67eb7bf553c569aeb15c3663b7987839064754e94676115022b	7248
interactions/preds/weighted_inton/pred_V8_weighted_inton.json	c284f45812f2033adbc58d85a4e2c2905af0693540b5b21dc97fcc9e79b527bd	8435
interactions/preds/weighted_inton/pred_V9_weighted_inton.json	ee45ff924bd3eae7ace2567b59dd8f1edfb49e1649fc384a8d17c076418823e7	4320
interactions/rule_config_audit.json	e3dd6db48b7368a312929bf3430864dacb6ced82e8f9aa79255b235d4eb2696d	420
interactions/traces/V10_weighted_intoff_scores.csv	4b5cf3bd6364b6d76457f25c76562a16e3d2cba7d3e783778338b593cb2d3d3b	6323
interactions/traces/V10_weighted_inton_scores.csv	47fc0c31c53520be1a515db3122b1ee1c3d3e2c947e12473c793337213d90c72	6456
interactions/traces/V1_weighted_intoff_scores.csv	dfcb8eb20e46e6af5cf7aab3cfd6aee959068eb0b8ae2fcd82823239fda39573	81092
interactions/traces/V1_weighted_inton_scores.csv	7f20c199ce3512238e7c692c8ae381e803a7d5963060b9d30db4ba3821e59a42	82941
interactions/traces/V2_weighted_intoff_scores.csv	eb6bf84e35125fbf95e46997f46579f71422f6c976aad8879d66205247d7ab86	9960
interactions/traces/V2_weighted_inton_scores.csv	7565c9014c01542d153bddb26d45208fce324c5496c7cf31b2b1ce21766b2cdf	9999
interactions/traces/V3_weighted_intoff_scores.csv	e72f65c743eac4b77e260316bd3f18d0d2cf7ff59c1c5ad3a33561e94f67851e	35253
interactions/traces/V3_weighted_inton_scores.csv	29726c24bca793cd52e2ad8f1463cc675a1b1e85cc07cd1d64317d06f8ba3523	35518
interactions/traces/V4_weighted_intoff_scores.csv	3508f55bcae689d4d64afa26516d6cb8dc996e319030734f93ec344a269df549	24223
interactions/traces/V4_weighted_inton_scores.csv	edb1a6c1d15c998be5a8e1a5748867aa8bdd4912244aaf67174a23eb30ed1125	24258
interactions/traces/V5_weighted_intoff_scores.csv	104189bd798cd91b0addb3b6fa40de080a30513a7ff422c71d5522dc13042f19	25365
interactions/traces/V5_weighted_inton_scores.csv	d0f377d52c449467d9dbc32341ecbba85be50268fe2a090ee6d489a98c0a8310	25586
interactions/traces/V6_weighted_intoff_scores.csv	abb216e0a51b8642d5b27c8ce148c00dd33320fcaa0b594d4aa922a12a036d7c	2064671
interactions/traces/V6_weighted_inton_scores.csv	a4f381a6dfbb88976adf1467d31545a05145727775f35e6a4bb39878a913eb2e	2077647
interactions/traces/V7_weighted_intoff_scores.csv	150618dd5f7339fd5b4fa99163dca265ef4a4f36f97c8db3b84e7496a18dce61	8282
interactions/traces/V7_weighted_inton_scores.csv	8c5cedf518cc1a6018401230b586fdf40f1b25da56b246d8443537f7fd07f621	8379
interactions/traces/V8_weighted_intoff_scores.csv	41a67e9fb399254b1d5f1439fa8f44a7ac59323046d3934cc3f2b2a0d32ec5c4	8438
interactions/traces/V8_weighted_inton_scores.csv	694eff1f5c87807c7a3f6c6923720559fe3cc7aa3390cf372a8d38fb79906bc4	8540
interactions/traces/V9_weighted_intoff_scores.csv	50ecfce790f08ddf9b08a03178f19628e00eb91405c4e6c44876175b9d121914	6203
interactions/traces/V9_weighted_inton_scores.csv	108258491c4683c45b467f70fcac92780a1bf3f9b952bc287f6225fe309bbb9c	6323
logs/console.txt	5d4c650d720665e65f731a6fe30d23b337b417c0fad060a68c78bd7403ac4c5f	4254
logs/run.log	8d6a52f0c5ea2e7fe2f92bae5cd0b47f766112b3114c68b9ebd5d78c42e984d9	7325
matrices/V1.csv	263def6b58a1cca5012b377824ed1f10da5313682e794af4b4023ff7f37031bb	241177
matrices/V1.parquet	181e8575992b666a07e3b908abce1a5284557ba9aa362f3baa7fbf7bc53012eb	70368
matrices/V10.csv	6338cb6f5d6de0ec91a907a9131399eed96656dcc5a78f193ad48d7055ed92ad	22454
matrices/V10.parquet	1d1c43964632f742f77344764e317bbb04bb8bcab749ada09260eab9051f6730	25258
matrices/V2.csv	9397efdc4eaefd5d48804a84a608c0af22951f75c4f435b1f390d52838a720a0	33147
matrices/V2.parquet	7b1ea5e1184ad307efa48a6f396ebceb366e05946548f3455b8cf43469d2ec78	27519
matrices/V3.csv	cc8ef2a7532d94eeb7b37e057858c9de26e71dd0818b753786f2eb4ddee1e00a	115761
matrices/V3.parquet	c19783663d32efce3bafce5faff99a70bbc7a2f5f2f7f0a6da1f627ab5df603c	47862
matrices/V4.csv	cf9a82529a2ac9e41fbf567a06e1de4bd633220a3f88017f151fb8ab0f3cc096	76543
matrices/V4.parquet	c83f5785b6f6abfd852a8ddc20fe3dfdb07500048a62f6e0eb6bbd318d408488	37348
matrices/V5.csv	871b833775e61c0f618b297804185dd8ed8cd1f079ce5a47a134afe4d78332f6	78543
matrices/V5.parquet	8292a310f403106a9b4d79caddeaecb4b08feaec4401d3a13e4b37495b11894b	36967
matrices/V6.csv	c65075572f595b209c7f3d14c2fae1955b3eae3a601e444c751be9d7636dfe70	6358351
matrices/V6.parquet	6a6e01edc2effb1a2b892bb9906417bb2ca09e4ca0fee7ba51a9bb83d353c4b7	1416808
matrices/V7.csv	b12c4b39db976e3c8fb34df54241dfa7baaad09688e6ad5247f4937ca8841dbc	26634
matrices/V7.parquet	ade8a43dd214954815e02bdec0a6497d6bf1dbbab9a9895f70c3cdedf57b19ef	25562
matrices/V8.csv	3b62142b80a3392dd49abd9b30831cf7d3b062063971def9674278ec10c0cbd3	27714
matrices/V8.parquet	a37a323b8c50c202289b4b8dfa28775ea68a55c8c1815454a440e5210141da09	25725
matrices/V9.csv	1e41ca6f444ca87eec26e4b504ab6ae8e846dc1582ed7716eb3ed272d46f8be1	22702
matrices/V9.parquet	3210bbbde25ac7a921adbccb6ee21dcc0786e31993095ff14db93ba2ed976cd4	25564
matrices/matrix_meta.csv	aabaac7490ecf4b3abad9ad5af4ea648c16aa505a81fddcd35f16a1d43c09638	6946
missingness/preds/p0.0_explicit_alpha0_s0/pred_V10_drop_p0.0_explicit_alpha0_s0.json	ef3cb1c549971d7986b9beac63c03f09e9f300309317ec453caa53570b9ffc1a	5791
missingness/preds/p0.0_explicit_alpha0_s0/pred_V1_drop_p0.0_explicit_alpha0_s0.json	99c5e37c01d4380baac5c51de1856810a57f90131245682ce18ec5a6b3166f6d	61846
missingness/preds/p0.0_explicit_alpha0_s0/pred_V2_drop_p0.0_explicit_alpha0_s0.json	11bf0144704b851aedb0fe0b66c871f484d8fd7c8e12c1c151a0708d307bbfb5	9613
missingness/preds/p0.0_explicit_alpha0_s0/pred_V3_drop_p0.0_explicit_alpha0_s0.json	020cfafc959b035988112802c13f690b4e243539bd15f97f86673d42fd22fc3f	23584
missingness/preds/p0.0_explicit_alpha0_s0/pred_V4_drop_p0.0_explicit_alpha0_s0.json	26e181936f2814db45f5ced375f14253cb2d3e2ceb67ca02a588ae04518a6023	21837
missingness/preds/p0.0_explicit_alpha0_s0/pred_V5_drop_p0.0_explicit_alpha0_s0.json	abb50f0d0c708dd1e4d68e0efdf4d023386eb096b38a91e58f9f54acd495ab30	18947
missingness/preds/p0.0_explicit_alpha0_s0/pred_V6_drop_p0.0_explicit_alpha0_s0.json	8c8f3b28b8490ac45ac3daa4018bb5ed18f340e2a5e00536d9fcae5fc2747e38	778785
missingness/preds/p0.0_explicit_alpha0_s0/pred_V7_drop_p0.0_explicit_alpha0_s0.json	408575ac4905d6c3a5a44af89cb91dc00335c66eed24ca89bfc1061429d8a8b1	7262
missingness/preds/p0.0_explicit_alpha0_s0/pred_V8_drop_p0.0_explicit_alpha0_s0.json	fda3c65ed0b7452e3f235341e458226833e299000c97c6cb29d0d18c9695a44e	8449
missingness/preds/p0.0_explicit_alpha0_s0/pred_V9_drop_p0.0_explicit_alpha0_s0.json	0110dccce19654644b0ed209026e0812f4af1eaee98e8bb5373287225e63db0a	4334
missingness/preds/p0.1_explicit_alpha0_s0/pred_V10_drop_p0.1_explicit_alpha0_s0.json	e42c6249c4967440b7fb3e297dca82fd9aa7eda206eb203e2e106d35c0cae52f	6012
missingness/preds/p0.1_explicit_alpha0_s0/pred_V1_drop_p0.1_explicit_alpha0_s0.json	d40f29d5bf3dc9db27c07396f4bb2ac23c98a94171742009a2275c0892e47013	63194
missingness/preds/p0.1_explicit_alpha0_s0/pred_V2_drop_p0.1_explicit_alpha0_s0.json	78c3922ba5cef49b4411cd57076e1e6cd53f3c8b12c28d5e36bf096915fa1fa7	9248
missingness/preds/p0.1_explicit_alpha0_s0/pred_V3_drop_p0.1_explicit_alpha0_s0.json	648117a2a1e4513c432bfee58a708a1fdaa0a6dc1f777f0b0d370cd9111cb7d3	23324
missingness/preds/p0.1_explicit_alpha0_s0/pred_V4_drop_p0.1_explicit_alpha0_s0.json	bc48309137ad0eccbe02ce10315804f8fc5ff07c7504c2454977b7ed0506b809	21764
missingness/preds/p0.1_explicit_alpha0_s0/pred_V5_drop_p0.1_explicit_alpha0_s0.json	7ce6c8610cc3d62e1ecc08757f6581418d30709ebad338ff346ce32eb86d3909	20228
missingness/preds/p0.1_explicit_alpha0_s0/pred_V6_drop_p0.1_explicit_alpha0_s0.json	787cb40ebeb3eb3bea71e96c2308eee05a8004bfabf82f1a180c59e748ecd888	777663
missingness/preds/p0.1_explicit_alpha0_s0/pred_V7_drop_p0.1_explicit_alpha0_s0.json	af359cb372944e41a6d5a71d5e3936e63977fab399aa2810f88a57c83e218865	7480
missingness/preds/p0.1_explicit_alpha0_s0/pred_V8_drop_p0.1_explicit_alpha0_s0.json	fa373683e343420092da1af938c16e67e8b57cb4ab706ca420d13b7ab18c9491	8190
missingness/preds/p0.1_explicit_alpha0_s0/pred_V9_drop_p0.1_explicit_alpha0_s0.json	8e386ac9b58be2cb774943c3f265410dc9b5233819814155fd87131e20a28873	3377
missingness/preds/p0.1_naive_zero_s0/pred_V10_drop_p0.1_naive_zero_s0.json	8267c0f39cee336b9927e62bd8bad32d50def67e726c9aa0530ed0a923c07551	5815
missingness/preds/p0.1_naive_zero_s0/pred_V1_drop_p0.1_naive_zero_s0.json	2718c179bd71c23932d6274863b7b50d3a47306fcd2eb6ac8b13ec981fdf53e6	56139
missingness/preds/p0.1_naive_zero_s0/pred_V2_drop_p0.1_naive_zero_s0.json	cf6c5ce8b38da1743e168939c5c34f49556bed3a9dc42e573e51a4a7c7f34d0d	8257
missingness/preds/p0.1_naive_zero_s0/pred_V3_drop_p0.1_naive_zero_s0.json	83277dc7968ea1f1c6c1a1359966dbf299e7603679a44c92c3780347803bf5a1	20106
missingness/preds/p0.1_naive_zero_s0/pred_V4_drop_p0.1_naive_zero_s0.json	51ac6d0c23d20a0d78a51e9964edd15e4b4df0645206180fab7cea4b27dc792c	21220
missingness/preds/p0.1_naive_zero_s0/pred_V5_drop_p0.1_naive_zero_s0.json	2bfdcc2593688971642bc6ee497484739a5730ce335e72e35e44972cd6a7a638	16861
missingness/preds/p0.1_naive_zero_s0/pred_V6_drop_p0.1_naive_zero_s0.json	6637863f860e2541b728de808753321efb47fa6f1d0c31443c7c56f3b79166e6	748302
missingness/preds/p0.1_naive_zero_s0/pred_V7_drop_p0.1_naive_zero_s0.json	46cedc2e48a12484b5107d654f49d2644b60617fdd6a3a06317ca1cba7e1c9df	6995
missingness/preds/p0.1_naive_zero_s0/pred_V8_drop_p0.1_naive_zero_s0.json	29804f731fd0ee041e1a26e5109c8bc3412d6ae210ce701b41f5fe52f5d8f5c7	6576
missingness/preds/p0.1_naive_zero_s0/pred_V9_drop_p0.1_naive_zero_s0.json	8de7aa321dc616c54669900b3726c400817985b8ea6efd68876def9a0db184d9	3373
missingness/preds/p0.3_explicit_alpha0_s0/pred_V10_drop_p0.3_explicit_alpha0_s0.json	fe9976caaea93f4193be77d569178eab79db2cee1bd4e4a7fbae7f3a3841545e	6376
missingness/preds/p0.3_explicit_alpha0_s0/pred_V1_drop_p0.3_explicit_alpha0_s0.json	a2f97cc8717894fd6d1d648042a248c55d87dbc8b1edc4ab9916602bfb630737	63282
missingness/preds/p0.3_explicit_alpha0_s0/pred_V2_drop_p0.3_explicit_alpha0_s0.json	bd46647421f37a1951d4d05a405736747f771dfa4015ab570253869586016828	7819
missingness/preds/p0.3_explicit_alpha0_s0/pred_V3_drop_p0.3_explicit_alpha0_s0.json	afb8d3166ab8da1271a08314b6100495aa9ce38384945cacbe80e76bbc38cb20	24971
missingness/preds/p0.3_explicit_alpha0_s0/pred_V4_drop_p0.3_explicit_alpha0_s0.json	d7c031a84a9420b3387ac3dbb94513c786a9d1dad264e72b686480bc99496313	21526
missingness/preds/p0.3_explicit_alpha0_s0/pred_V5_drop_p0.3_explicit_alpha0_s0.json	f0f94fd60e3f2bed947b2bd98aa5f50479a3941312c15fefff412f457fb1359d	19062
missingness/preds/p0.3_explicit_alpha0_s0/pred_V6_drop_p0.3_explicit_alpha0_s0.json	31961e460e471b88bc6fbb22dbf1d573135fa1850a84e49b1f9220ecf1bdc2d4	771306
missingness/preds/p0.3_explicit_alpha0_s0/pred_V7_drop_p0.3_explicit_alpha0_s0.json	dca81b42a45783d1e6d0bfbf1eb35bbab8a2ca9489a5ded64d8c367ce588153e	8044
missingness/preds/p0.3_explicit_alpha0_s0/pred_V8_drop_p0.3_explicit_alpha0_s0.json	b720eaffba309d1e1d4f9ec5a20b9b0178c86fa88f37cf9dc9221c00b4f5921f	8064
missingness/preds/p0.3_explicit_alpha0_s0/pred_V9_drop_p0.3_explicit_alpha0_s0.json	014ed55b9d9a322dc58be9bfc308a9fd0dc90d78ed08d65325c96fe2c46be475	3231
missingness/preds/p0.3_naive_zero_s0/pred_V10_drop_p0.3_naive_zero_s0.json	14af4b3c4cdbc7de57f7e5bdb8525c0bf1949638fd54b4d5d975da2548203d03	5516
missingness/preds/p0.3_naive_zero_s0/pred_V1_drop_p0.3_naive_zero_s0.json	b9ef4e8ded66b1472a0829275f11a54fb03805981925188a9a21906e21d65c63	42353
missingness/preds/p0.3_naive_zero_s0/pred_V2_drop_p0.3_naive_zero_s0.json	8b16f01cecbd3e313a2e38c2b42e56239765d8fa467080beb5e6c37804ac953d	5231
missingness/preds/p0.3_naive_zero_s0/pred_V3_drop_p0.3_naive_zero_s0.json	f6f96e2d0325b0b98f1a45cee3d34e57a6287beb378f1696e4c1442915b8fc92	10138
missingness/preds/p0.3_naive_zero_s0/pred_V4_drop_p0.3_naive_zero_s0.json	0d1fbf09f967c242f3468fd4cb38e39d39445c42af3ac7f22032f2f944625508	14233
missingness/preds/p0.3_naive_zero_s0/pred_V5_drop_p0.3_naive_zero_s0.json	9807b58b71e4e2a0a0de0329cd87883c74a12bbf792efe6a4ba909b6f5bc0d16	13060
missingness/preds/p0.3_naive_zero_s0/pred_V6_drop_p0.3_naive_zero_s0.json	357fbe02a9c2d45da7b23d9c3d9dee0866f95cfe79ce508c5d9731dd7535c269	644695
missingness/preds/p0.3_naive_zero_s0/pred_V7_drop_p0.3_naive_zero_s0.json	d03735075e6a627fd68808695a8b85e22f778a119abf248afa40bf29a3128fb6	5815
missingness/preds/p0.3_naive_zero_s0/pred_V8_drop_p0.3_naive_zero_s0.json	b0cee2c3043deec2bfd45b75011f25bbb54c5070c134191a3c01b09327ae2580	4929
missingness/preds/p0.3_naive_zero_s0/pred_V9_drop_p0.3_naive_zero_s0.json	ae2019dc2c4a3f0f1c9734b3300ae49680d9c78732624cdf6cd3627fd8728fca	2419
missingness/preds/p0.5_explicit_alpha0_s0/pred_V10_drop_p0.5_explicit_alpha0_s0.json	f2e5bf241851ad6986ade39182d3420cf1a62e5a7b6889f539201887ea092d0b	5855
missingness/preds/p0.5_explicit_alpha0_s0/pred_V1_drop_p0.5_explicit_alpha0_s0.json	b00671f3142fb3309a37bf1c7699d4303ea83abaa33a20a3f1d358f32029f68e	63943
missingness/preds/p0.5_explicit_alpha0_s0/pred_V2_drop_p0.5_explicit_alpha0_s0.json	5516679ba85f1480838956d4b9b2a03eaded160eaddda234a9808a9a9e076e4f	8863
missingness/preds/p0.5_explicit_alpha0_s0/pred_V3_drop_p0.5_explicit_alpha0_s0.json	05f0092e3dd55cfca0c0e5318c586e035d7976ba67ee3094541f4c6e35022fff	21397
missingness/preds/p0.5_explicit_alpha0_s0/pred_V4_drop_p0.5_explicit_alpha0_s0.json	16de68a11ad4dc0327a73878a9d1fd818034b3374d7e917712bf8618baf67a16	21717
missingness/preds/p0.5_explicit_alpha0_s0/pred_V5_drop_p0.5_explicit_alpha0_s0.json	81badae81cd24f33c73d8af177e88475f6f328aa0313cc895f2992aba56f2f93	18579
missingness/preds/p0.5_explicit_alpha0_s0/pred_V6_drop_p0.5_explicit_alpha0_s0.json	4bc39d03b10b6e9c02aa3164366b73f0f597f5ecbbeaafc2b393dc5d7f731c6d	833289
missingness/preds/p0.5_explicit_alpha0_s0/pred_V7_drop_p0.5_explicit_alpha0_s0.json	25bc732961a5dcb6017b413c3c2399a9ae0004aac43ce4055fd1fd50f8f8ad61	6660
missingness/preds/p0.5_explicit_alpha0_s0/pred_V8_drop_p0.5_explicit_alpha0_s0.json	a26fb4d2ece275bd57c2977fb3a69d0ae72fc8ba76b996df5efd34fa269b48b5	7946
missingness/preds/p0.5_explicit_alpha0_s0/pred_V9_drop_p0.5_explicit_alpha0_s0.json	5512ca147a26ca00aca738323feadaed4b6c41a06a2d464c0fb994123a6102ad	3544
missingness/preds/p0.5_naive_zero_s0/pred_V10_drop_p0.5_naive_zero_s0.json	44f2dc34263ea23cf04678fb230651e279babd0d361126231b197f00b0c6f9e7	4918
missingness/preds/p0.5_naive_zero_s0/pred_V1_drop_p0.5_naive_zero_s0.json	8318e8ab0085191c329819b4782acb2d4ae84020d8732e3dbd2abdc4396dc606	36001
missingness/preds/p0.5_naive_zero_s0/pred_V2_drop_p0.5_naive_zero_s0.json	2b557f5b0082341d0028e3f4a88c76567cc432a4a8bbb2ab5fdc62fd3b9f96c8	4819
missingness/preds/p0.5_naive_zero_s0/pred_V3_drop_p0.5_naive_zero_s0.json	6b767017719eda8c9a93b9d5023bb30df872f00fdacb5afdb27b341103b1b16f	5940
missingness/preds/p0.5_naive_zero_s0/pred_V4_drop_p0.5_naive_zero_s0.json	00de996742caae7a944add5325ee817048fde48f44f337709abfb8d11eefcb4d	12722
missingness/preds/p0.5_naive_zero_s0/pred_V5_drop_p0.5_naive_zero_s0.json	9c2fba72f1d14374d0a8eea5156c20c85ac5088bc890a658aa6f1dee979c7669	10671
missingness/preds/p0.5_naive_zero_s0/pred_V6_drop_p0.5_naive_zero_s0.json	1b57b4f7297a139c5d75f540b9df8f29e88a25aa73dbdd41fd556293e0e3209a	585695
missingness/preds/p0.5_naive_zero_s0/pred_V7_drop_p0.5_naive_zero_s0.json	37e4df991c3fdfb91f31596c77a875967a86128df0d543c690d30dd850c34980	4441
missingness/preds/p0.5_naive_zero_s0/pred_V8_drop_p0.5_naive_zero_s0.json	2e1122f36cc4bd8d5f7b4eb692a19fb551812943233daac5ed67a0d000e5af2f	4387
missingness/preds/p0.5_naive_zero_s0/pred_V9_drop_p0.5_naive_zero_s0.json	8d09a0b650a8ca2151fb24f3ae157c922882d43636f737c34c1945e54a0aab9c	2234
paired_comparisons.csv	2f593fe7e81cbba8ef35c0e0c085b23a93d906b6f46cd3b41e7e4839283d75b1	884
per_video_metrics.csv	67fd249ee6103af71a97e163a04213746dd838e3242b92ecc59b23707177745b	7949
scripts/run_eaai_checkpoint.py	a5c836902bacbdde7f9450e1376741886368b280880d8d3d22e29564ab380bd4	41539
